"","subid","condition","gender","age","beliefGod","education","politicalIdeology","maritalStatus","children","beliefAfterlife","gerald_schiff_pvs","toby_chimp","fetus","god","delores_gleitman_deceased","sharon_harvey_woman","green_frog","todd_billingsley_man","charlie_dog","nicholas_gannon_baby","samantha_hill_girl","kismet_robot","you"
"1","S1","Fear","male",37,"agree_strong","college_bachDegree","republican","yes",3,"agree_strong",-2,2,-2,2,-2,2,-2,2,0,-2,0,-2,0
"2","S1","Fear","male",37,"agree_strong","college_bachDegree","republican","yes",3,"agree_strong",1,2,-1,2,-2,1,-2,2,2,-2,2,-1,2
"3","S1","Fear","male",37,"agree_strong","college_bachDegree","republican","yes",3,"agree_strong",-2,2,1,2,-2,2,1,2,2,2,2,-2,2
"4","S1","Fear","male",37,"agree_strong","college_bachDegree","republican","yes",3,"agree_strong",-2,0,2,2,-2,2,1,2,-2,2,2,-2,2
"5","S1","Fear","male",37,"agree_strong","college_bachDegree","republican","yes",3,"agree_strong",-2,-1,-2,2,-2,2,2,0,1,2,2,-1,0
"6","S1","Fear","male",37,"agree_strong","college_bachDegree","republican","yes",3,"agree_strong",1,-2,-2,2,-2,0,-2,2,-1,-1,2,-2,0
"7","S1","Fear","male",37,"agree_strong","college_bachDegree","republican","yes",3,"agree_strong",-2,-2,-1,2,-2,-2,-1,2,-2,1,-2,2,1
"8","S1","Fear","male",37,"agree_strong","college_bachDegree","republican","yes",3,"agree_strong",2,2,-2,2,-2,0,-2,0,-1,2,2,-2,2
"9","S1","Fear","male",37,"agree_strong","college_bachDegree","republican","yes",3,"agree_strong",2,-2,-2,2,-2,1,-2,-2,-2,2,-1,-2,2
"10","S1","Fear","male",37,"agree_strong","college_bachDegree","republican","yes",3,"agree_strong",-1,-2,-2,2,-2,2,1,2,-1,-1,-1,-2,2
"11","S1","Fear","male",37,"agree_strong","college_bachDegree","republican","yes",3,"agree_strong",-2,1,1,2,-2,2,-1,1,-2,1,2,-2,2
"12","S1","Fear","male",37,"agree_strong","college_bachDegree","republican","yes",3,"agree_strong",-2,-2,-2,2,-2,2,-2,2,-2,-2,2,-2,-2
"13","S2","Hunger","male",55,"disagree_moderate","college_some","republican","no_commited",0,"disagree_moderate",0,2,0,-2,-2,2,2,2,2,0,-2,2,2
"14","S2","Hunger","male",55,"disagree_moderate","college_some","republican","no_commited",0,"disagree_moderate",-2,0,-2,-2,-2,0,2,0,2,0,2,-1,2
"15","S2","Hunger","male",55,"disagree_moderate","college_some","republican","no_commited",0,"disagree_moderate",1,0,-2,-2,-2,-2,-2,2,0,2,0,-2,0
"16","S2","Hunger","male",55,"disagree_moderate","college_some","republican","no_commited",0,"disagree_moderate",1,2,2,-2,-1,2,2,0,2,2,0,-1,2
"17","S2","Hunger","male",55,"disagree_moderate","college_some","republican","no_commited",0,"disagree_moderate",-2,0,1,-2,-2,2,-2,2,2,2,2,-2,2
"18","S2","Hunger","male",55,"disagree_moderate","college_some","republican","no_commited",0,"disagree_moderate",-2,2,-2,-2,-2,2,-2,2,2,2,0,0,0
"19","S2","Hunger","male",55,"disagree_moderate","college_some","republican","no_commited",0,"disagree_moderate",2,2,-2,-2,0,0,-2,0,0,0,0,0,0
"20","S2","Hunger","male",55,"disagree_moderate","college_some","republican","no_commited",0,"disagree_moderate",-2,2,-2,0,0,2,2,0,0,0,0,-2,0
"21","S2","Hunger","male",55,"disagree_moderate","college_some","republican","no_commited",0,"disagree_moderate",-2,0,-2,0,-2,0,-2,0,0,0,0,-2,0
"22","S2","Hunger","male",55,"disagree_moderate","college_some","republican","no_commited",0,"disagree_moderate",-2,2,-2,-2,-2,2,-2,2,2,2,2,-2,0
"23","S2","Hunger","male",55,"disagree_moderate","college_some","republican","no_commited",0,"disagree_moderate",-2,0,-1,-2,-2,0,1,0,0,0,2,-2,2
"24","S2","Hunger","male",55,"disagree_moderate","college_some","republican","no_commited",0,"disagree_moderate",-2,0,2,-2,-2,0,-2,2,2,2,2,-2,2
"25","S3","Self-Control","female",28,"disagree_strong","grad_degree","democrat","no",0,"disagree_strong",0,-2,-2,-2,-2,2,-2,0,2,2,2,-2,0
"26","S3","Self-Control","female",28,"disagree_strong","grad_degree","democrat","no",0,"disagree_strong",0,-2,-2,0,0,2,-2,2,-2,2,2,0,2
"27","S3","Self-Control","female",28,"disagree_strong","grad_degree","democrat","no",0,"disagree_strong",-2,0,-1,-2,-2,2,0,2,-2,-2,2,0,2
"28","S3","Self-Control","female",28,"disagree_strong","grad_degree","democrat","no",0,"disagree_strong",0,0,0,-2,-2,0,-2,2,0,0,2,-2,2
"29","S3","Self-Control","female",28,"disagree_strong","grad_degree","democrat","no",0,"disagree_strong",0,2,0,0,0,2,0,2,0,-2,2,0,2
"30","S3","Self-Control","female",28,"disagree_strong","grad_degree","democrat","no",0,"disagree_strong",-2,2,-2,0,0,2,-2,2,0,-2,2,1,0
"31","S3","Self-Control","female",28,"disagree_strong","grad_degree","democrat","no",0,"disagree_strong",0,-2,0,0,-2,2,0,2,-2,0,2,-2,1
"32","S3","Self-Control","female",28,"disagree_strong","grad_degree","democrat","no",0,"disagree_strong",-2,0,-2,-2,0,2,-1,2,-1,0,-2,1,2
"33","S3","Self-Control","female",28,"disagree_strong","grad_degree","democrat","no",0,"disagree_strong",-2,2,0,-1,-2,0,0,0,0,0,-2,-2,2
"34","S3","Self-Control","female",28,"disagree_strong","grad_degree","democrat","no",0,"disagree_strong",0,-1,-2,0,0,2,-2,2,-2,0,2,1,2
"35","S3","Self-Control","female",28,"disagree_strong","grad_degree","democrat","no",0,"disagree_strong",0,2,-1,-2,0,2,-2,2,0,-2,2,1,2
"36","S3","Self-Control","female",28,"disagree_strong","grad_degree","democrat","no",0,"disagree_strong",0,2,-2,-2,0,2,0,-2,1,0,2,-2,2
"37","S4","Fear","male",59,"agree_moderate","college_assocDegree","independent","yes",3,"agree_strong",0,0,-1,-2,-2,2,0,0,0,0,2,-2,2
"38","S4","Fear","male",59,"agree_moderate","college_assocDegree","independent","yes",3,"agree_strong",0,0,-2,-2,-2,0,1,0,-1,1,2,-2,1
"39","S4","Fear","male",59,"agree_moderate","college_assocDegree","independent","yes",3,"agree_strong",0,0,-2,-2,-1,1,-1,2,1,2,-1,0,2
"40","S4","Fear","male",59,"agree_moderate","college_assocDegree","independent","yes",3,"agree_strong",-1,0,2,-2,-2,1,0,1,0,-1,2,-2,0
"41","S4","Fear","male",59,"agree_moderate","college_assocDegree","independent","yes",3,"agree_strong",-2,2,0,-2,-2,1,0,2,0,2,0,-2,2
"42","S4","Fear","male",59,"agree_moderate","college_assocDegree","independent","yes",3,"agree_strong",2,0,-1,2,-2,2,0,2,0,-2,0,-2,0
"43","S4","Fear","male",59,"agree_moderate","college_assocDegree","independent","yes",3,"agree_strong",-1,2,-1,-2,-2,2,0,0,0,0,2,-2,2
"44","S4","Fear","male",59,"agree_moderate","college_assocDegree","independent","yes",3,"agree_strong",-2,2,-1,-2,0,2,0,0,1,1,0,-2,2
"45","S4","Fear","male",59,"agree_moderate","college_assocDegree","independent","yes",3,"agree_strong",-1,1,0,0,-1,0,-2,0,2,1,-1,-2,2
"46","S4","Fear","male",59,"agree_moderate","college_assocDegree","independent","yes",3,"agree_strong",0,0,1,-2,-2,1,2,0,0,-1,1,0,1
"47","S4","Fear","male",59,"agree_moderate","college_assocDegree","independent","yes",3,"agree_strong",2,-1,2,-2,-2,1,-1,1,2,2,1,0,0
"48","S4","Fear","male",59,"agree_moderate","college_assocDegree","independent","yes",3,"agree_strong",-1,-1,-1,-2,-2,0,0,1,2,-1,2,0,1
"49","S5","Self-Control","female",41,"agree_strong","college_bachDegree","independent","yes",5,"agree_little",-2,-2,-1,2,-2,2,-2,2,2,1,2,-1,1
"50","S5","Self-Control","female",41,"agree_strong","college_bachDegree","independent","yes",5,"agree_little",0,2,-2,2,-2,0,-2,2,-2,-1,-2,-2,2
"51","S5","Self-Control","female",41,"agree_strong","college_bachDegree","independent","yes",5,"agree_little",-2,2,0,2,-1,2,1,2,2,-2,2,-2,0
"52","S5","Self-Control","female",41,"agree_strong","college_bachDegree","independent","yes",5,"agree_little",-2,-2,1,2,-2,2,-2,0,-2,2,2,0,-2
"53","S5","Self-Control","female",41,"agree_strong","college_bachDegree","independent","yes",5,"agree_little",-1,-2,-2,2,-2,2,-2,2,0,0,2,0,2
"54","S5","Self-Control","female",41,"agree_strong","college_bachDegree","independent","yes",5,"agree_little",-2,0,-2,2,-2,2,1,2,2,-1,-2,-2,2
"55","S5","Self-Control","female",41,"agree_strong","college_bachDegree","independent","yes",5,"agree_little",-2,2,-1,2,0,2,1,0,1,-2,-2,-2,-2
"56","S5","Self-Control","female",41,"agree_strong","college_bachDegree","independent","yes",5,"agree_little",0,2,-2,2,-2,2,2,2,2,-2,2,-2,2
"57","S5","Self-Control","female",41,"agree_strong","college_bachDegree","independent","yes",5,"agree_little",-1,-2,-2,2,-2,-2,1,2,-2,1,-1,-2,2
"58","S5","Self-Control","female",41,"agree_strong","college_bachDegree","independent","yes",5,"agree_little",0,-2,-1,2,-2,2,-2,-2,2,-2,1,0,2
"59","S5","Self-Control","female",41,"agree_strong","college_bachDegree","independent","yes",5,"agree_little",-2,2,0,2,-2,2,-2,2,2,-2,-2,0,2
"60","S5","Self-Control","female",41,"agree_strong","college_bachDegree","independent","yes",5,"agree_little",-2,2,-2,2,0,2,-2,2,-2,-2,2,-2,2
"61","S6","Morality","male",32,"agree_moderate","college_assocDegree","republican","yes",2,"disagree_little",-1,-2,-1,2,-2,2,-2,2,1,-2,-1,1,2
"62","S6","Morality","male",32,"agree_moderate","college_assocDegree","republican","yes",2,"disagree_little",-2,1,-1,2,-2,-2,-2,2,-1,-2,2,1,2
"63","S6","Morality","male",32,"agree_moderate","college_assocDegree","republican","yes",2,"disagree_little",0,1,-2,2,-1,-2,-2,2,2,-1,2,1,2
"64","S6","Morality","male",32,"agree_moderate","college_assocDegree","republican","yes",2,"disagree_little",-2,-2,0,2,-2,2,-1,2,1,-2,2,-2,2
"65","S6","Morality","male",32,"agree_moderate","college_assocDegree","republican","yes",2,"disagree_little",0,-2,-2,2,0,2,-2,2,-2,-2,2,-2,2
"66","S6","Morality","male",32,"agree_moderate","college_assocDegree","republican","yes",2,"disagree_little",0,0,-2,2,-2,2,0,1,0,1,-2,2,2
"67","S6","Morality","male",32,"agree_moderate","college_assocDegree","republican","yes",2,"disagree_little",-2,0,0,2,0,2,-2,2,-2,1,-2,-1,2
"68","S6","Morality","male",32,"agree_moderate","college_assocDegree","republican","yes",2,"disagree_little",-1,-2,-1,2,-2,1,0,0,0,0,-1,-1,-2
"69","S6","Morality","male",32,"agree_moderate","college_assocDegree","republican","yes",2,"disagree_little",-2,0,0,2,-1,0,1,1,-2,0,1,1,2
"70","S6","Morality","male",32,"agree_moderate","college_assocDegree","republican","yes",2,"disagree_little",-1,-2,-2,2,-1,2,0,2,0,1,1,1,2
"71","S6","Morality","male",32,"agree_moderate","college_assocDegree","republican","yes",2,"disagree_little",-1,0,-1,2,-1,2,-1,-2,-2,-2,-2,1,2
"72","S6","Morality","male",32,"agree_moderate","college_assocDegree","republican","yes",2,"disagree_little",0,-2,-1,2,-1,2,0,-2,-2,1,1,1,2
"73","S7","Hunger","female",31,"agree_moderate","grad_degree","independent","no_commited",0,"agree_moderate",0,2,-2,0,0,2,0,0,0,0,0,-2,2
"74","S7","Hunger","female",31,"agree_moderate","grad_degree","independent","no_commited",0,"agree_moderate",-2,2,-1,-2,0,0,1,2,2,0,2,-2,0
"75","S7","Hunger","female",31,"agree_moderate","grad_degree","independent","no_commited",0,"agree_moderate",-2,0,-1,0,-2,1,0,0,0,0,2,-2,1
"76","S7","Hunger","female",31,"agree_moderate","grad_degree","independent","no_commited",0,"agree_moderate",0,0,-2,-2,0,0,-1,0,0,0,2,0,0
"77","S7","Hunger","female",31,"agree_moderate","grad_degree","independent","no_commited",0,"agree_moderate",-2,1,-1,0,-2,0,0,0,0,0,0,-2,2
"78","S7","Hunger","female",31,"agree_moderate","grad_degree","independent","no_commited",0,"agree_moderate",0,0,-2,-2,-1,0,0,2,2,2,0,0,0
"79","S7","Hunger","female",31,"agree_moderate","grad_degree","independent","no_commited",0,"agree_moderate",-2,0,1,-2,-2,0,0,2,2,2,0,-2,2
"80","S7","Hunger","female",31,"agree_moderate","grad_degree","independent","no_commited",0,"agree_moderate",0,0,-2,0,-2,0,2,2,2,0,0,0,0
"81","S7","Hunger","female",31,"agree_moderate","grad_degree","independent","no_commited",0,"agree_moderate",-2,0,-2,-2,-2,2,2,0,0,0,0,-2,2
"82","S7","Hunger","female",31,"agree_moderate","grad_degree","independent","no_commited",0,"agree_moderate",0,2,0,-1,-2,0,2,2,2,0,0,-2,0
"83","S7","Hunger","female",31,"agree_moderate","grad_degree","independent","no_commited",0,"agree_moderate",-2,2,1,-2,-2,2,2,0,0,2,0,-2,2
"84","S7","Hunger","female",31,"agree_moderate","grad_degree","independent","no_commited",0,"agree_moderate",-2,0,1,-2,-2,2,0,0,0,2,2,-1,0
"85","S8","Morality","female",24,"disagree_moderate","college_some","independent","no_commited",0,"agree_little",1,2,-2,-1,-2,2,-2,2,-2,-1,-2,1,2
"86","S8","Morality","female",24,"disagree_moderate","college_some","independent","no_commited",0,"agree_little",-2,-2,-2,-1,-1,2,-1,2,-2,2,2,-2,2
"87","S8","Morality","female",24,"disagree_moderate","college_some","independent","no_commited",0,"agree_little",-2,1,1,-2,-2,2,1,2,-2,-2,2,2,2
"88","S8","Morality","female",24,"disagree_moderate","college_some","independent","no_commited",0,"agree_little",-2,2,-2,-2,-2,2,2,2,2,1,2,2,0
"89","S8","Morality","female",24,"disagree_moderate","college_some","independent","no_commited",0,"agree_little",-2,-2,-2,-2,-2,2,2,2,2,-2,2,-2,2
"90","S8","Morality","female",24,"disagree_moderate","college_some","independent","no_commited",0,"agree_little",-2,-2,-2,-2,-2,2,-2,2,-2,-2,-1,2,2
"91","S8","Morality","female",24,"disagree_moderate","college_some","independent","no_commited",0,"agree_little",-1,2,2,-2,-2,0,-2,2,1,-1,2,1,2
"92","S8","Morality","female",24,"disagree_moderate","college_some","independent","no_commited",0,"agree_little",-2,2,-2,-2,-2,2,-1,2,2,-2,1,1,2
"93","S8","Morality","female",24,"disagree_moderate","college_some","independent","no_commited",0,"agree_little",2,-1,-2,-2,-1,2,-1,2,-1,1,2,-2,2
"94","S8","Morality","female",24,"disagree_moderate","college_some","independent","no_commited",0,"agree_little",1,2,-1,-2,-1,2,-2,2,2,1,-2,2,0
"95","S8","Morality","female",24,"disagree_moderate","college_some","independent","no_commited",0,"agree_little",1,-2,-1,-2,-2,2,-2,0,1,-2,-2,1,2
"96","S8","Morality","female",24,"disagree_moderate","college_some","independent","no_commited",0,"agree_little",-2,2,-2,0,0,0,-1,0,-2,1,2,2,2
"97","S9","Morality","male",31,"agree_strong","college_bachDegree","republican","yes",1,"agree_strong",2,1,-1,2,-2,2,-1,-2,-2,-2,2,-2,2
"98","S9","Morality","male",31,"agree_strong","college_bachDegree","republican","yes",1,"agree_strong",-2,-2,1,2,-2,2,-1,2,1,1,2,2,2
"99","S9","Morality","male",31,"agree_strong","college_bachDegree","republican","yes",1,"agree_strong",-1,1,-2,2,-1,2,-2,-2,-1,1,-2,-1,2
"100","S9","Morality","male",31,"agree_strong","college_bachDegree","republican","yes",1,"agree_strong",-1,1,-1,-2,-1,2,-2,2,-2,-2,-2,-1,2
"101","S9","Morality","male",31,"agree_strong","college_bachDegree","republican","yes",1,"agree_strong",-2,1,1,2,-2,-2,-2,2,-2,-2,2,-1,2
"102","S9","Morality","male",31,"agree_strong","college_bachDegree","republican","yes",1,"agree_strong",1,-2,1,2,-2,2,-2,2,-1,1,-2,1,2
"103","S9","Morality","male",31,"agree_strong","college_bachDegree","republican","yes",1,"agree_strong",-1,2,-2,2,-2,2,1,2,-2,-2,2,-2,2
"104","S9","Morality","male",31,"agree_strong","college_bachDegree","republican","yes",1,"agree_strong",-2,-2,-2,2,-1,2,1,2,-2,-2,2,-2,2
"105","S9","Morality","male",31,"agree_strong","college_bachDegree","republican","yes",1,"agree_strong",-2,1,1,2,-1,2,-2,2,1,2,2,-2,2
"106","S9","Morality","male",31,"agree_strong","college_bachDegree","republican","yes",1,"agree_strong",-2,-2,-2,2,-2,0,-2,2,-1,1,2,-2,2
"107","S9","Morality","male",31,"agree_strong","college_bachDegree","republican","yes",1,"agree_strong",-1,-2,2,2,-2,2,-1,0,-2,1,-2,-1,-2
"108","S9","Morality","male",31,"agree_strong","college_bachDegree","republican","yes",1,"agree_strong",-2,-1,-2,2,-1,2,1,2,1,1,2,-1,2
"109","S10","Self-Control","male",22,"neither","college_some","other_prefNo","no",0,"agree_little",-2,-2,-2,2,2,-2,2,2,-2,-2,2,2,2
"110","S10","Self-Control","male",22,"neither","college_some","other_prefNo","no",0,"agree_little",-2,-2,-2,2,-2,2,-2,2,2,-2,-2,-2,2
"111","S10","Self-Control","male",22,"neither","college_some","other_prefNo","no",0,"agree_little",2,2,-2,2,2,2,-2,-2,2,-2,2,-2,-2
"112","S10","Self-Control","male",22,"neither","college_some","other_prefNo","no",0,"agree_little",-2,2,2,2,2,2,2,2,2,-2,-2,-2,2
"113","S10","Self-Control","male",22,"neither","college_some","other_prefNo","no",0,"agree_little",-2,2,2,2,2,2,-2,2,-2,-2,-2,-2,2
"114","S10","Self-Control","male",22,"neither","college_some","other_prefNo","no",0,"agree_little",-2,2,-2,2,2,2,2,-2,-2,-2,-2,-2,2
"115","S10","Self-Control","male",22,"neither","college_some","other_prefNo","no",0,"agree_little",2,-2,-2,2,2,2,-2,2,-2,-2,-2,-2,2
"116","S10","Self-Control","male",22,"neither","college_some","other_prefNo","no",0,"agree_little",-2,-2,-2,2,2,2,-2,2,-2,2,-2,2,2
"117","S10","Self-Control","male",22,"neither","college_some","other_prefNo","no",0,"agree_little",-2,-2,-2,2,-2,-2,-2,-2,2,-2,-2,2,2
"118","S10","Self-Control","male",22,"neither","college_some","other_prefNo","no",0,"agree_little",-2,2,-2,2,2,-2,-2,2,2,-2,2,2,2
"119","S10","Self-Control","male",22,"neither","college_some","other_prefNo","no",0,"agree_little",-2,2,-2,2,-2,2,-2,-2,2,-2,2,-2,2
"120","S10","Self-Control","male",22,"neither","college_some","other_prefNo","no",0,"agree_little",-2,-2,-2,2,2,2,-2,2,-2,2,-2,-2,2
"121","S11","Fear","male",NA,"disagree_strong","grad_degree","democrat","no",1,"disagree_strong",0,2,0,0,-2,2,-2,2,-2,2,2,0,2
"122","S11","Fear","male",NA,"disagree_strong","grad_degree","democrat","no",1,"disagree_strong",-2,2,0,0,-2,2,0,0,-2,-2,2,0,2
"123","S11","Fear","male",NA,"disagree_strong","grad_degree","democrat","no",1,"disagree_strong",0,2,-2,0,-2,1,-1,2,2,-2,2,-2,0
"124","S11","Fear","male",NA,"disagree_strong","grad_degree","democrat","no",1,"disagree_strong",0,-2,-2,-2,-2,1,-1,2,2,1,1,-2,2
"125","S11","Fear","male",NA,"disagree_strong","grad_degree","democrat","no",1,"disagree_strong",-2,1,-2,-2,-2,2,2,2,-1,-1,-2,0,2
"126","S11","Fear","male",NA,"disagree_strong","grad_degree","democrat","no",1,"disagree_strong",-2,2,-2,-2,0,2,-2,2,2,2,2,-2,2
"127","S11","Fear","male",NA,"disagree_strong","grad_degree","democrat","no",1,"disagree_strong",-2,-1,-2,-2,0,2,-2,2,2,2,-2,-2,2
"128","S11","Fear","male",NA,"disagree_strong","grad_degree","democrat","no",1,"disagree_strong",0,-2,-2,0,0,1,2,2,2,-1,1,-2,2
"129","S11","Fear","male",NA,"disagree_strong","grad_degree","democrat","no",1,"disagree_strong",0,2,0,-2,-2,2,-2,0,-2,1,2,-2,2
"130","S11","Fear","male",NA,"disagree_strong","grad_degree","democrat","no",1,"disagree_strong",-1,2,0,-2,-2,0,-1,2,2,-1,0,-2,2
"131","S11","Fear","male",NA,"disagree_strong","grad_degree","democrat","no",1,"disagree_strong",-2,-1,-2,-2,0,0,1,2,1,2,1,0,1
"132","S11","Fear","male",NA,"disagree_strong","grad_degree","democrat","no",1,"disagree_strong",-2,2,-2,-2,-1,2,2,0,-1,-1,1,-2,0
"133","S12","Self-Control","male",22,"disagree_strong","college_some","democrat","no",0,"neither",2,0,-2,2,2,2,-2,-2,-2,-2,0,-2,2
"134","S12","Self-Control","male",22,"disagree_strong","college_some","democrat","no",0,"neither",2,-2,-2,2,-2,2,-1,2,-2,-1,-2,-2,-2
"135","S12","Self-Control","male",22,"disagree_strong","college_some","democrat","no",0,"neither",2,-2,0,2,0,2,-2,2,1,-1,1,-2,2
"136","S12","Self-Control","male",22,"disagree_strong","college_some","democrat","no",0,"neither",2,1,-1,2,-2,2,-2,2,-2,-2,-1,1,2
"137","S12","Self-Control","male",22,"disagree_strong","college_some","democrat","no",0,"neither",2,-1,-1,2,1,2,1,-2,1,0,-2,2,2
"138","S12","Self-Control","male",22,"disagree_strong","college_some","democrat","no",0,"neither",2,1,-2,2,-2,2,-2,2,-2,-2,-2,2,2
"139","S12","Self-Control","male",22,"disagree_strong","college_some","democrat","no",0,"neither",0,-2,-1,2,-2,2,0,2,-2,-1,0,-2,2
"140","S12","Self-Control","male",22,"disagree_strong","college_some","democrat","no",0,"neither",2,-1,-1,2,1,-2,-2,2,1,-2,-2,2,-2
"141","S12","Self-Control","male",22,"disagree_strong","college_some","democrat","no",0,"neither",2,-2,-2,2,1,2,-2,2,1,-1,2,0,2
"142","S12","Self-Control","male",22,"disagree_strong","college_some","democrat","no",0,"neither",-2,-2,0,2,-1,2,-2,2,-2,-2,-2,-2,-2
"143","S12","Self-Control","male",22,"disagree_strong","college_some","democrat","no",0,"neither",-2,-2,0,2,1,-2,-2,2,0,-2,1,2,2
"144","S12","Self-Control","male",22,"disagree_strong","college_some","democrat","no",0,"neither",2,2,-2,2,2,-2,-2,2,-2,-1,1,-1,2
"145","S13","Self-Control","male",30,"agree_strong","grad_degree","independent","no",0,"agree_little",-1,2,-1,2,1,-2,1,2,1,1,-2,-1,2
"146","S13","Self-Control","male",30,"agree_strong","grad_degree","independent","no",0,"agree_little",-1,1,-1,2,-1,2,-2,2,-2,-1,1,-2,2
"147","S13","Self-Control","male",30,"agree_strong","grad_degree","independent","no",0,"agree_little",-2,2,-2,2,-2,2,-2,1,1,-1,-2,-2,-2
"148","S13","Self-Control","male",30,"agree_strong","grad_degree","independent","no",0,"agree_little",-1,-1,-1,2,-2,2,-2,2,-2,-2,-2,-2,1
"149","S13","Self-Control","male",30,"agree_strong","grad_degree","independent","no",0,"agree_little",-1,2,-2,2,-1,0,1,-2,1,-1,1,1,1
"150","S13","Self-Control","male",30,"agree_strong","grad_degree","independent","no",0,"agree_little",-1,-1,-2,2,-2,2,0,0,-1,-2,1,1,2
"151","S13","Self-Control","male",30,"agree_strong","grad_degree","independent","no",0,"agree_little",-2,-2,-1,2,-2,2,2,2,1,1,1,0,1
"152","S13","Self-Control","male",30,"agree_strong","grad_degree","independent","no",0,"agree_little",-1,-1,-2,2,-2,2,2,2,-2,1,-1,1,-1
"153","S13","Self-Control","male",30,"agree_strong","grad_degree","independent","no",0,"agree_little",-2,1,-2,2,1,2,1,1,-1,-1,-2,-1,1
"154","S13","Self-Control","male",30,"agree_strong","grad_degree","independent","no",0,"agree_little",-1,-2,-1,2,1,2,-1,-1,-1,1,1,1,1
"155","S13","Self-Control","male",30,"agree_strong","grad_degree","independent","no",0,"agree_little",1,2,-1,2,-1,2,-2,2,-1,-2,1,1,-1
"156","S13","Self-Control","male",30,"agree_strong","grad_degree","independent","no",0,"agree_little",-1,1,-1,2,-1,1,-2,2,-2,-1,-1,1,1
"157","S14","Self-Control","male",20,"disagree_strong","college_some","democrat","no",0,"disagree_strong",-2,2,-1,-2,-2,1,1,-1,1,-1,-2,2,2
"158","S14","Self-Control","male",20,"disagree_strong","college_some","democrat","no",0,"disagree_strong",-2,-2,-1,1,2,2,2,1,2,-2,2,1,-1
"159","S14","Self-Control","male",20,"disagree_strong","college_some","democrat","no",0,"disagree_strong",-2,-2,-2,-2,-2,-2,1,-2,-1,-2,2,-2,2
"160","S14","Self-Control","male",20,"disagree_strong","college_some","democrat","no",0,"disagree_strong",-2,1,-2,-1,-2,1,2,2,-2,1,2,-2,2
"161","S14","Self-Control","male",20,"disagree_strong","college_some","democrat","no",0,"disagree_strong",-2,-2,0,-2,0,2,-2,2,2,-1,1,1,2
"162","S14","Self-Control","male",20,"disagree_strong","college_some","democrat","no",0,"disagree_strong",-1,-1,-2,-1,-2,2,-1,-1,2,-2,2,-1,2
"163","S14","Self-Control","male",20,"disagree_strong","college_some","democrat","no",0,"disagree_strong",2,1,-2,-1,-1,2,2,1,1,1,-1,-1,2
"164","S14","Self-Control","male",20,"disagree_strong","college_some","democrat","no",0,"disagree_strong",-1,1,-2,-1,2,1,2,1,0,1,0,0,2
"165","S14","Self-Control","male",20,"disagree_strong","college_some","democrat","no",0,"disagree_strong",-2,-1,-2,1,-2,2,-2,1,-2,2,2,-2,2
"166","S14","Self-Control","male",20,"disagree_strong","college_some","democrat","no",0,"disagree_strong",-2,2,-1,0,-2,2,-2,1,1,2,1,-1,2
"167","S14","Self-Control","male",20,"disagree_strong","college_some","democrat","no",0,"disagree_strong",-1,-2,-2,2,-2,1,-1,2,1,2,2,-2,2
"168","S14","Self-Control","male",20,"disagree_strong","college_some","democrat","no",0,"disagree_strong",-1,1,-1,-1,-2,2,-1,2,2,-2,-2,1,2
"169","S15","Hunger","female",27,"disagree_moderate","grad_some","republican","yes",3,"disagree_strong",0,-2,-1,-1,0,0,0,-1,0,0,1,-1,-1
"170","S15","Hunger","female",27,"disagree_moderate","grad_some","republican","yes",3,"disagree_strong",0,0,0,2,0,1,-2,1,0,1,0,-2,1
"171","S15","Hunger","female",27,"disagree_moderate","grad_some","republican","yes",3,"disagree_strong",-1,2,-1,0,-1,-1,-2,2,0,2,0,0,2
"172","S15","Hunger","female",27,"disagree_moderate","grad_some","republican","yes",3,"disagree_strong",-1,1,0,1,-1,-2,1,1,1,2,-1,0,0
"173","S15","Hunger","female",27,"disagree_moderate","grad_some","republican","yes",3,"disagree_strong",2,-1,-1,-1,0,2,2,2,1,0,2,1,-1
"174","S15","Hunger","female",27,"disagree_moderate","grad_some","republican","yes",3,"disagree_strong",1,0,0,0,-2,-1,1,-1,1,-1,-1,-2,1
"175","S15","Hunger","female",27,"disagree_moderate","grad_some","republican","yes",3,"disagree_strong",-1,1,-2,1,-2,-1,1,1,-2,0,-2,-1,-2
"176","S15","Hunger","female",27,"disagree_moderate","grad_some","republican","yes",3,"disagree_strong",1,2,-1,-2,2,2,1,-2,-1,0,-2,1,1
"177","S15","Hunger","female",27,"disagree_moderate","grad_some","republican","yes",3,"disagree_strong",0,1,0,0,0,2,-2,1,0,1,2,-1,-2
"178","S15","Hunger","female",27,"disagree_moderate","grad_some","republican","yes",3,"disagree_strong",-1,0,2,-2,-2,2,1,0,1,0,0,2,-2
"179","S15","Hunger","female",27,"disagree_moderate","grad_some","republican","yes",3,"disagree_strong",0,-1,-2,-2,0,0,0,2,-1,0,0,-2,2
"180","S15","Hunger","female",27,"disagree_moderate","grad_some","republican","yes",3,"disagree_strong",0,2,0,-2,0,1,2,0,-1,0,2,-2,2
"181","S16","Fear","female",32,"disagree_strong","college_bachDegree","independent","no_commited",0,"disagree_strong",-2,2,-2,-2,-2,2,2,2,1,-1,0,-2,0
"182","S16","Fear","female",32,"disagree_strong","college_bachDegree","independent","no_commited",0,"disagree_strong",-2,0,-2,-2,0,0,2,2,2,-2,-1,-2,1
"183","S16","Fear","female",32,"disagree_strong","college_bachDegree","independent","no_commited",0,"disagree_strong",0,2,0,0,-2,2,0,0,0,-2,0,-2,2
"184","S16","Fear","female",32,"disagree_strong","college_bachDegree","independent","no_commited",0,"disagree_strong",-2,2,-2,0,-2,2,0,0,2,0,-1,-2,0
"185","S16","Fear","female",32,"disagree_strong","college_bachDegree","independent","no_commited",0,"disagree_strong",-2,0,-2,-2,-2,0,2,2,2,-2,-1,0,2
"186","S16","Fear","female",32,"disagree_strong","college_bachDegree","independent","no_commited",0,"disagree_strong",-2,0,0,-2,0,2,2,0,0,2,1,0,0
"187","S16","Fear","female",32,"disagree_strong","college_bachDegree","independent","no_commited",0,"disagree_strong",0,2,-1,-2,-2,1,2,0,2,-1,2,-2,0
"188","S16","Fear","female",32,"disagree_strong","college_bachDegree","independent","no_commited",0,"disagree_strong",0,0,0,-2,-2,2,0,0,0,2,0,0,2
"189","S16","Fear","female",32,"disagree_strong","college_bachDegree","independent","no_commited",0,"disagree_strong",0,0,-2,0,0,0,0,2,0,2,1,0,0
"190","S16","Fear","female",32,"disagree_strong","college_bachDegree","independent","no_commited",0,"disagree_strong",-2,0,0,0,0,0,0,1,0,2,2,-2,2
"191","S16","Fear","female",32,"disagree_strong","college_bachDegree","independent","no_commited",0,"disagree_strong",-2,1,-2,-2,-2,2,0,2,2,2,2,-2,2
"192","S16","Fear","female",32,"disagree_strong","college_bachDegree","independent","no_commited",0,"disagree_strong",-2,2,-2,-2,-2,0,0,2,0,-1,2,-2,2
"193","S17","Fear","female",21,"agree_moderate","college_bachDegree","independent","no",0,"agree_moderate",-1,1,-2,-1,-1,1,1,1,-1,2,1,-2,2
"194","S17","Fear","female",21,"agree_moderate","college_bachDegree","independent","no",0,"agree_moderate",-1,-1,-1,-1,1,1,0,0,-2,-1,0,-2,1
"195","S17","Fear","female",21,"agree_moderate","college_bachDegree","independent","no",0,"agree_moderate",-1,1,-1,-2,-2,1,-1,2,-1,2,2,-2,1
"196","S17","Fear","female",21,"agree_moderate","college_bachDegree","independent","no",0,"agree_moderate",1,1,-2,0,0,1,0,1,1,2,-1,-1,2
"197","S17","Fear","female",21,"agree_moderate","college_bachDegree","independent","no",0,"agree_moderate",-1,-2,-1,0,-2,1,-2,1,1,-1,1,0,2
"198","S17","Fear","female",21,"agree_moderate","college_bachDegree","independent","no",0,"agree_moderate",2,0,1,-1,0,0,0,1,-1,1,1,-1,2
"199","S17","Fear","female",21,"agree_moderate","college_bachDegree","independent","no",0,"agree_moderate",1,-1,-1,0,-2,1,0,0,-1,-1,1,-1,2
"200","S17","Fear","female",21,"agree_moderate","college_bachDegree","independent","no",0,"agree_moderate",0,-1,0,0,-1,0,-1,0,0,1,1,-1,2
"201","S17","Fear","female",21,"agree_moderate","college_bachDegree","independent","no",0,"agree_moderate",1,-1,-1,0,-1,1,-1,1,-1,1,1,0,0
"202","S17","Fear","female",21,"agree_moderate","college_bachDegree","independent","no",0,"agree_moderate",-1,-1,0,0,0,1,-1,0,-1,1,0,0,0
"203","S17","Fear","female",21,"agree_moderate","college_bachDegree","independent","no",0,"agree_moderate",1,-2,-1,0,0,1,-1,1,0,1,1,0,0
"204","S17","Fear","female",21,"agree_moderate","college_bachDegree","independent","no",0,"agree_moderate",1,0,0,-1,-1,1,0,1,0,-1,1,-1,2
"205","S18","Self-Control","male",NA,"disagree_strong","college_some","independent","no",0,"disagree_strong",0,-2,-2,-2,2,2,-2,2,1,-2,-2,2,2
"206","S18","Self-Control","male",NA,"disagree_strong","college_some","independent","no",0,"disagree_strong",-2,-2,-2,-2,2,-2,2,1,-1,2,-2,0,2
"207","S18","Self-Control","male",NA,"disagree_strong","college_some","independent","no",0,"disagree_strong",2,2,-2,-2,2,1,2,-2,-2,-1,-2,2,2
"208","S18","Self-Control","male",NA,"disagree_strong","college_some","independent","no",0,"disagree_strong",-2,1,-2,-2,2,2,-2,2,-1,-1,1,2,2
"209","S18","Self-Control","male",NA,"disagree_strong","college_some","independent","no",0,"disagree_strong",0,-2,0,-2,0,-2,1,2,-2,-1,2,2,-2
"210","S18","Self-Control","male",NA,"disagree_strong","college_some","independent","no",0,"disagree_strong",-2,-2,2,-2,2,2,1,2,-2,-2,1,2,2
"211","S18","Self-Control","male",NA,"disagree_strong","college_some","independent","no",0,"disagree_strong",2,-2,-2,-2,2,2,2,2,2,-1,-2,0,-2
"212","S18","Self-Control","male",NA,"disagree_strong","college_some","independent","no",0,"disagree_strong",2,-2,-1,-2,2,-2,-2,2,1,-1,1,2,2
"213","S18","Self-Control","male",NA,"disagree_strong","college_some","independent","no",0,"disagree_strong",2,-1,-1,-2,2,2,-2,-2,-2,-1,-2,2,2
"214","S18","Self-Control","male",NA,"disagree_strong","college_some","independent","no",0,"disagree_strong",2,1,-2,-2,2,2,1,2,-2,2,-2,2,2
"215","S18","Self-Control","male",NA,"disagree_strong","college_some","independent","no",0,"disagree_strong",-2,-2,-1,-2,2,2,-2,-2,-1,-2,-2,2,2
"216","S18","Self-Control","male",NA,"disagree_strong","college_some","independent","no",0,"disagree_strong",2,1,-2,-2,2,2,-2,-2,-2,-2,2,2,2
"217","S19","Hunger","female",22,"neither","college_bachDegree","independent","no_commited",0,"agree_little",2,2,-2,-2,-2,2,-2,2,2,2,1,-2,2
"218","S19","Hunger","female",22,"neither","college_bachDegree","independent","no_commited",0,"agree_little",0,2,-2,-2,-2,-1,-2,0,2,2,2,-2,-2
"219","S19","Hunger","female",22,"neither","college_bachDegree","independent","no_commited",0,"agree_little",-1,1,-2,-2,-2,0,-2,2,1,0,0,-2,2
"220","S19","Hunger","female",22,"neither","college_bachDegree","independent","no_commited",0,"agree_little",1,2,2,-2,-2,-1,2,0,2,2,2,-2,-2
"221","S19","Hunger","female",22,"neither","college_bachDegree","independent","no_commited",0,"agree_little",2,2,-2,-2,-2,2,2,2,2,2,-2,-1,-1
"222","S19","Hunger","female",22,"neither","college_bachDegree","independent","no_commited",0,"agree_little",0,-2,2,-2,-1,-2,-2,2,-2,0,0,-2,2
"223","S19","Hunger","female",22,"neither","college_bachDegree","independent","no_commited",0,"agree_little",2,1,-2,-2,-2,2,-2,2,-2,2,2,-2,2
"224","S19","Hunger","female",22,"neither","college_bachDegree","independent","no_commited",0,"agree_little",-1,-2,1,-2,0,2,-2,0,-2,2,2,-2,2
"225","S19","Hunger","female",22,"neither","college_bachDegree","independent","no_commited",0,"agree_little",0,2,-2,-2,-2,0,-2,-1,1,2,2,-2,2
"226","S19","Hunger","female",22,"neither","college_bachDegree","independent","no_commited",0,"agree_little",0,1,-2,-2,-2,2,2,0,2,2,2,0,2
"227","S19","Hunger","female",22,"neither","college_bachDegree","independent","no_commited",0,"agree_little",2,2,-2,0,-2,-1,2,-1,1,2,0,-2,-2
"228","S19","Hunger","female",22,"neither","college_bachDegree","independent","no_commited",0,"agree_little",-2,-2,-2,0,0,2,-2,2,1,2,2,0,0
"229","S20","Hunger","male",26,"agree_moderate","college_some","republican","no",0,"neither",0,1,-1,-1,2,0,0,0,-1,0,0,2,1
"230","S20","Hunger","male",26,"agree_moderate","college_some","republican","no",0,"neither",-2,-1,1,1,0,0,2,1,-1,1,-1,0,0
"231","S20","Hunger","male",26,"agree_moderate","college_some","republican","no",0,"neither",-2,2,0,-1,-1,-2,1,1,1,-1,-1,1,-1
"232","S20","Hunger","male",26,"agree_moderate","college_some","republican","no",0,"neither",1,-1,-1,-1,-2,-1,-2,2,0,0,-2,-2,-2
"233","S20","Hunger","male",26,"agree_moderate","college_some","republican","no",0,"neither",-2,-1,0,2,0,2,1,1,1,2,2,0,-1
"234","S20","Hunger","male",26,"agree_moderate","college_some","republican","no",0,"neither",2,-1,-1,1,1,1,-2,1,1,2,1,0,-2
"235","S20","Hunger","male",26,"agree_moderate","college_some","republican","no",0,"neither",0,0,0,2,-2,2,0,2,-2,1,-1,1,2
"236","S20","Hunger","male",26,"agree_moderate","college_some","republican","no",0,"neither",-1,-2,-1,1,-1,2,-1,1,0,-2,0,-2,2
"237","S20","Hunger","male",26,"agree_moderate","college_some","republican","no",0,"neither",0,-1,-2,0,2,1,1,0,0,-2,2,-2,1
"238","S20","Hunger","male",26,"agree_moderate","college_some","republican","no",0,"neither",-2,1,0,-2,-1,-1,0,2,2,-2,-1,1,0
"239","S20","Hunger","male",26,"agree_moderate","college_some","republican","no",0,"neither",-2,0,0,-2,0,-1,0,-1,2,0,1,0,1
"240","S20","Hunger","male",26,"agree_moderate","college_some","republican","no",0,"neither",1,-1,2,0,0,-1,0,2,0,0,2,0,-2
"241","S21","Hunger","female",33,"disagree_strong","college_some","independent","no",0,"disagree_strong",-2,2,2,-2,0,0,-1,0,0,2,0,-2,2
"242","S21","Hunger","female",33,"disagree_strong","college_some","independent","no",0,"disagree_strong",-1,2,-1,-2,-2,2,2,1,1,2,1,-2,2
"243","S21","Hunger","female",33,"disagree_strong","college_some","independent","no",0,"disagree_strong",2,1,-2,-2,-2,1,-1,0,2,0,0,-2,0
"244","S21","Hunger","female",33,"disagree_strong","college_some","independent","no",0,"disagree_strong",2,2,1,0,-2,1,-1,0,0,0,0,0,0
"245","S21","Hunger","female",33,"disagree_strong","college_some","independent","no",0,"disagree_strong",-1,0,0,-2,-2,0,2,2,0,2,1,-2,2
"246","S21","Hunger","female",33,"disagree_strong","college_some","independent","no",0,"disagree_strong",-1,0,1,0,0,2,-1,0,2,2,0,0,1
"247","S21","Hunger","female",33,"disagree_strong","college_some","independent","no",0,"disagree_strong",0,0,0,-2,-2,0,-1,1,0,0,2,-2,0
"248","S21","Hunger","female",33,"disagree_strong","college_some","independent","no",0,"disagree_strong",-1,0,-1,-2,-2,0,2,2,0,0,2,-2,1
"249","S21","Hunger","female",33,"disagree_strong","college_some","independent","no",0,"disagree_strong",2,0,-1,-2,-2,0,-1,2,0,0,0,-2,2
"250","S21","Hunger","female",33,"disagree_strong","college_some","independent","no",0,"disagree_strong",-2,0,2,-2,-2,1,2,0,1,1,0,-2,0
"251","S21","Hunger","female",33,"disagree_strong","college_some","independent","no",0,"disagree_strong",-1,0,-1,-2,-2,0,-1,1,2,0,1,-2,0
"252","S21","Hunger","female",33,"disagree_strong","college_some","independent","no",0,"disagree_strong",-1,0,2,-2,-2,2,-1,0,0,1,2,-2,0
"253","S22","Morality","female",30,"agree_strong","college_bachDegree","democrat","yes",0,"agree_little",-1,1,-2,2,-2,2,-1,2,-1,1,1,-1,2
"254","S22","Morality","female",30,"agree_strong","college_bachDegree","democrat","yes",0,"agree_little",1,2,-2,2,1,2,-1,2,1,-1,2,-2,2
"255","S22","Morality","female",30,"agree_strong","college_bachDegree","democrat","yes",0,"agree_little",-2,-2,1,2,-1,2,-1,2,-2,1,2,-2,0
"256","S22","Morality","female",30,"agree_strong","college_bachDegree","democrat","yes",0,"agree_little",-1,1,-2,2,-2,2,-1,2,-2,-2,2,-2,2
"257","S22","Morality","female",30,"agree_strong","college_bachDegree","democrat","yes",0,"agree_little",-2,-2,-2,2,0,0,-2,-2,0,1,-2,0,2
"258","S22","Morality","female",30,"agree_strong","college_bachDegree","democrat","yes",0,"agree_little",0,1,-1,2,0,2,-1,2,-2,1,2,-2,-2
"259","S22","Morality","female",30,"agree_strong","college_bachDegree","democrat","yes",0,"agree_little",0,1,-2,2,0,2,-2,0,0,0,2,0,2
"260","S22","Morality","female",30,"agree_strong","college_bachDegree","democrat","yes",0,"agree_little",0,-2,-2,2,0,2,-2,2,-2,-2,2,-2,2
"261","S22","Morality","female",30,"agree_strong","college_bachDegree","democrat","yes",0,"agree_little",-2,-2,0,2,-2,-2,0,2,0,-2,-2,0,2
"262","S22","Morality","female",30,"agree_strong","college_bachDegree","democrat","yes",0,"agree_little",-2,0,-1,2,0,2,-2,2,0,0,-2,0,2
"263","S22","Morality","female",30,"agree_strong","college_bachDegree","democrat","yes",0,"agree_little",-2,-2,0,2,-2,0,-2,1,-2,0,-1,0,2
"264","S22","Morality","female",30,"agree_strong","college_bachDegree","democrat","yes",0,"agree_little",0,0,0,2,-2,2,0,-2,0,-2,2,0,2
"265","S23","Morality","male",23,"neither","college_some","independent","no",0,"neither",0,-2,0,0,0,0,0,0,0,0,0,0,-2
"266","S23","Morality","male",23,"neither","college_some","independent","no",0,"neither",-2,2,0,0,-2,0,-2,2,0,0,-2,0,2
"267","S23","Morality","male",23,"neither","college_some","independent","no",0,"neither",0,0,-2,2,-2,2,0,2,-2,0,-2,0,2
"268","S23","Morality","male",23,"neither","college_some","independent","no",0,"neither",0,0,0,2,0,2,0,2,0,0,0,-2,2
"269","S23","Morality","male",23,"neither","college_some","independent","no",0,"neither",0,0,0,-2,0,2,0,2,0,0,0,-2,0
"270","S23","Morality","male",23,"neither","college_some","independent","no",0,"neither",0,0,0,0,0,2,0,-2,0,0,0,0,0
"271","S23","Morality","male",23,"neither","college_some","independent","no",0,"neither",0,0,0,0,0,0,0,0,0,0,0,0,0
"272","S23","Morality","male",23,"neither","college_some","independent","no",0,"neither",0,0,0,0,0,0,0,0,0,0,0,0,0
"273","S23","Morality","male",23,"neither","college_some","independent","no",0,"neither",0,0,0,0,0,0,0,0,0,0,0,0,0
"274","S23","Morality","male",23,"neither","college_some","independent","no",0,"neither",0,0,0,0,0,0,0,0,0,0,0,0,0
"275","S23","Morality","male",23,"neither","college_some","independent","no",0,"neither",0,0,0,0,0,0,0,0,0,0,0,0,0
"276","S23","Morality","male",23,"neither","college_some","independent","no",0,"neither",0,0,0,0,0,0,0,0,0,0,0,0,0
"277","S24","Hunger","male",61,"disagree_strong","grad_degree","democrat","no",2,"disagree_moderate",-2,2,-2,-2,-2,-2,2,-1,2,2,-1,-2,2
"278","S24","Hunger","male",61,"disagree_strong","grad_degree","democrat","no",2,"disagree_moderate",0,1,0,-2,0,2,0,2,2,2,2,-2,-2
"279","S24","Hunger","male",61,"disagree_strong","grad_degree","democrat","no",2,"disagree_moderate",0,1,-2,-2,-2,1,-2,2,0,-1,2,-2,0
"280","S24","Hunger","male",61,"disagree_strong","grad_degree","democrat","no",2,"disagree_moderate",-2,2,-2,0,-2,2,-2,2,-2,2,2,0,-2
"281","S24","Hunger","male",61,"disagree_strong","grad_degree","democrat","no",2,"disagree_moderate",-2,2,-2,-2,-2,0,0,-1,-2,2,2,0,2
"282","S24","Hunger","male",61,"disagree_strong","grad_degree","democrat","no",2,"disagree_moderate",0,1,-2,-2,-2,2,2,2,2,2,2,-2,2
"283","S24","Hunger","male",61,"disagree_strong","grad_degree","democrat","no",2,"disagree_moderate",-2,2,-2,0,0,2,-2,2,-2,2,2,-2,2
"284","S24","Hunger","male",61,"disagree_strong","grad_degree","democrat","no",2,"disagree_moderate",0,-1,0,-2,0,2,-2,-1,-2,2,-1,-2,0
"285","S24","Hunger","male",61,"disagree_strong","grad_degree","democrat","no",2,"disagree_moderate",-2,2,-2,-2,-2,2,-2,2,2,2,2,-2,2
"286","S24","Hunger","male",61,"disagree_strong","grad_degree","democrat","no",2,"disagree_moderate",-2,2,-2,0,-2,2,2,0,-2,-1,2,-2,2
"287","S24","Hunger","male",61,"disagree_strong","grad_degree","democrat","no",2,"disagree_moderate",0,-2,0,0,-2,1,2,2,2,1,1,0,2
"288","S24","Hunger","male",61,"disagree_strong","grad_degree","democrat","no",2,"disagree_moderate",-2,2,0,-2,0,0,-2,0,-2,2,1,0,2
"289","S25","Hunger","male",24,"disagree_moderate","college_some","independent","no_commited",0,"disagree_strong",-2,2,1,-2,-2,2,-1,2,2,2,2,-2,-2
"290","S25","Hunger","male",24,"disagree_moderate","college_some","independent","no_commited",0,"disagree_strong",-2,0,-2,-1,-2,0,0,0,0,0,0,0,-2
"291","S25","Hunger","male",24,"disagree_moderate","college_some","independent","no_commited",0,"disagree_strong",-2,1,-1,-2,-2,2,-2,0,0,0,2,-2,2
"292","S25","Hunger","male",24,"disagree_moderate","college_some","independent","no_commited",0,"disagree_strong",-2,0,1,0,0,2,-2,2,1,2,0,0,0
"293","S25","Hunger","male",24,"disagree_moderate","college_some","independent","no_commited",0,"disagree_strong",-1,2,-2,-2,-1,2,-2,0,2,0,0,-2,2
"294","S25","Hunger","male",24,"disagree_moderate","college_some","independent","no_commited",0,"disagree_strong",-2,2,1,-2,0,2,0,2,2,0,2,-2,2
"295","S25","Hunger","male",24,"disagree_moderate","college_some","independent","no_commited",0,"disagree_strong",-2,-2,-2,-2,-2,0,2,2,0,0,1,-2,0
"296","S25","Hunger","male",24,"disagree_moderate","college_some","independent","no_commited",0,"disagree_strong",0,0,0,-2,-2,0,-1,2,2,2,1,0,2
"297","S25","Hunger","male",24,"disagree_moderate","college_some","independent","no_commited",0,"disagree_strong",-2,0,-2,0,-2,2,-1,0,2,2,0,-2,0
"298","S25","Hunger","male",24,"disagree_moderate","college_some","independent","no_commited",0,"disagree_strong",-2,2,-1,-2,-2,2,2,2,0,1,2,2,2
"299","S25","Hunger","male",24,"disagree_moderate","college_some","independent","no_commited",0,"disagree_strong",0,0,-2,0,0,0,2,2,0,1,0,-2,2
"300","S25","Hunger","male",24,"disagree_moderate","college_some","independent","no_commited",0,"disagree_strong",0,1,-1,-2,-2,0,2,0,0,0,0,-1,0
"301","S26","Hunger","male",55,"agree_strong","college_bachDegree","democrat","yes",0,"agree_strong",1,0,-2,0,-2,0,0,0,2,0,0,-2,0
"302","S26","Hunger","male",55,"agree_strong","college_bachDegree","democrat","yes",0,"agree_strong",-2,0,-2,-2,-2,2,2,2,0,0,0,0,-2
"303","S26","Hunger","male",55,"agree_strong","college_bachDegree","democrat","yes",0,"agree_strong",2,2,1,-1,-2,0,2,0,2,0,0,-2,0
"304","S26","Hunger","male",55,"agree_strong","college_bachDegree","democrat","yes",0,"agree_strong",2,2,-1,-1,-2,0,2,0,2,0,2,-2,2
"305","S26","Hunger","male",55,"agree_strong","college_bachDegree","democrat","yes",0,"agree_strong",-2,0,2,-2,-2,0,0,0,0,0,2,-2,0
"306","S26","Hunger","male",55,"agree_strong","college_bachDegree","democrat","yes",0,"agree_strong",0,0,0,-2,-2,2,2,0,0,2,0,-2,1
"307","S26","Hunger","male",55,"agree_strong","college_bachDegree","democrat","yes",0,"agree_strong",-2,0,-1,-2,-2,2,0,1,0,2,2,-2,0
"308","S26","Hunger","male",55,"agree_strong","college_bachDegree","democrat","yes",0,"agree_strong",0,2,-1,-2,-2,0,0,2,2,0,0,-2,2
"309","S26","Hunger","male",55,"agree_strong","college_bachDegree","democrat","yes",0,"agree_strong",-2,0,-2,-2,-2,0,0,0,0,2,1,-2,2
"310","S26","Hunger","male",55,"agree_strong","college_bachDegree","democrat","yes",0,"agree_strong",-2,0,2,0,0,2,0,0,2,2,2,-2,0
"311","S26","Hunger","male",55,"agree_strong","college_bachDegree","democrat","yes",0,"agree_strong",-2,2,-2,-2,-2,0,2,2,2,0,0,0,2
"312","S26","Hunger","male",55,"agree_strong","college_bachDegree","democrat","yes",0,"agree_strong",-2,0,0,-2,0,2,0,2,0,0,0,-2,0
"313","S27","Hunger","female",36,"disagree_strong","college_some","democrat","no_commited",1,"disagree_moderate",2,2,2,-2,-2,0,0,2,2,2,2,-2,0
"314","S27","Hunger","female",36,"disagree_strong","college_some","democrat","no_commited",1,"disagree_moderate",0,0,-2,-2,-2,2,0,0,0,0,0,-2,0
"315","S27","Hunger","female",36,"disagree_strong","college_some","democrat","no_commited",1,"disagree_moderate",0,0,0,0,0,0,0,0,0,0,0,0,2
"316","S27","Hunger","female",36,"disagree_strong","college_some","democrat","no_commited",1,"disagree_moderate",0,1,-1,-2,-2,0,0,0,2,0,0,-2,0
"317","S27","Hunger","female",36,"disagree_strong","college_some","democrat","no_commited",1,"disagree_moderate",0,0,2,-2,-2,0,0,0,0,2,0,-2,0
"318","S27","Hunger","female",36,"disagree_strong","college_some","democrat","no_commited",1,"disagree_moderate",0,0,0,0,0,0,2,2,0,0,0,-2,2
"319","S27","Hunger","female",36,"disagree_strong","college_some","democrat","no_commited",1,"disagree_moderate",0,2,0,-2,-2,0,0,0,0,0,0,0,0
"320","S27","Hunger","female",36,"disagree_strong","college_some","democrat","no_commited",1,"disagree_moderate",2,0,-1,-2,-2,0,1,0,0,0,2,-2,0
"321","S27","Hunger","female",36,"disagree_strong","college_some","democrat","no_commited",1,"disagree_moderate",0,0,-1,-2,-2,0,0,1,2,0,0,-2,0
"322","S27","Hunger","female",36,"disagree_strong","college_some","democrat","no_commited",1,"disagree_moderate",2,2,-1,0,-2,0,2,0,1,0,1,-2,0
"323","S27","Hunger","female",36,"disagree_strong","college_some","democrat","no_commited",1,"disagree_moderate",0,0,-1,-2,-2,2,0,0,0,2,2,-2,0
"324","S27","Hunger","female",36,"disagree_strong","college_some","democrat","no_commited",1,"disagree_moderate",0,0,2,-2,-2,2,2,2,0,2,0,-2,0
"325","S28","Self-Control","male",25,"agree_moderate","college_bachDegree","other_prefNo","no",0,"agree_moderate",-2,-2,-2,2,0,2,-2,2,-1,-2,-2,0,0
"326","S28","Self-Control","male",25,"agree_moderate","college_bachDegree","other_prefNo","no",0,"agree_moderate",0,1,-2,2,0,2,-2,0,-2,-2,-2,0,-1
"327","S28","Self-Control","male",25,"agree_moderate","college_bachDegree","other_prefNo","no",0,"agree_moderate",2,-1,-1,1,1,2,-2,2,-2,-1,1,0,2
"328","S28","Self-Control","male",25,"agree_moderate","college_bachDegree","other_prefNo","no",0,"agree_moderate",-2,2,-2,1,1,-1,-1,0,0,0,-2,2,2
"329","S28","Self-Control","male",25,"agree_moderate","college_bachDegree","other_prefNo","no",0,"agree_moderate",0,-2,-2,2,2,2,0,2,0,-2,-2,2,2
"330","S28","Self-Control","male",25,"agree_moderate","college_bachDegree","other_prefNo","no",0,"agree_moderate",-2,-2,-2,2,-2,2,-1,2,-1,-2,2,2,2
"331","S28","Self-Control","male",25,"agree_moderate","college_bachDegree","other_prefNo","no",0,"agree_moderate",-2,0,-2,2,2,0,-1,2,-2,1,-2,2,2
"332","S28","Self-Control","male",25,"agree_moderate","college_bachDegree","other_prefNo","no",0,"agree_moderate",1,0,-2,0,2,2,-2,-1,-2,0,1,0,2
"333","S28","Self-Control","male",25,"agree_moderate","college_bachDegree","other_prefNo","no",0,"agree_moderate",0,1,-1,1,0,2,-1,2,1,1,2,2,2
"334","S28","Self-Control","male",25,"agree_moderate","college_bachDegree","other_prefNo","no",0,"agree_moderate",0,-2,-2,2,-1,0,-2,0,-2,0,0,1,2
"335","S28","Self-Control","male",25,"agree_moderate","college_bachDegree","other_prefNo","no",0,"agree_moderate",0,-2,-1,2,2,0,-2,0,1,-1,1,2,0
"336","S28","Self-Control","male",25,"agree_moderate","college_bachDegree","other_prefNo","no",0,"agree_moderate",-2,-2,0,1,0,0,-2,2,-2,-2,-1,0,0
"337","S29","Morality","male",32,"agree_strong","college_bachDegree","democrat","yes",2,"agree_strong",-2,-2,2,2,-2,2,-2,-2,0,2,2,-2,2
"338","S29","Morality","male",32,"agree_strong","college_bachDegree","democrat","yes",2,"agree_strong",-2,0,-2,2,-2,2,-2,2,-2,-2,2,-2,2
"339","S29","Morality","male",32,"agree_strong","college_bachDegree","democrat","yes",2,"agree_strong",-2,2,-2,-2,-2,-2,-2,2,-2,2,2,-2,2
"340","S29","Morality","male",32,"agree_strong","college_bachDegree","democrat","yes",2,"agree_strong",0,-2,0,2,-2,2,2,2,2,-2,-2,-2,2
"341","S29","Morality","male",32,"agree_strong","college_bachDegree","democrat","yes",2,"agree_strong",-2,-2,-2,2,-2,2,-2,2,0,-2,2,0,2
"342","S29","Morality","male",32,"agree_strong","college_bachDegree","democrat","yes",2,"agree_strong",0,-2,-2,2,0,0,0,2,0,2,-2,-2,2
"343","S29","Morality","male",32,"agree_strong","college_bachDegree","democrat","yes",2,"agree_strong",0,2,0,2,0,0,0,2,-2,2,2,0,2
"344","S29","Morality","male",32,"agree_strong","college_bachDegree","democrat","yes",2,"agree_strong",-2,-2,0,2,0,2,-2,2,0,2,2,-2,0
"345","S29","Morality","male",32,"agree_strong","college_bachDegree","democrat","yes",2,"agree_strong",-2,-2,-2,2,-2,2,0,2,-2,0,-2,0,2
"346","S29","Morality","male",32,"agree_strong","college_bachDegree","democrat","yes",2,"agree_strong",0,0,0,2,-2,2,-2,0,-2,2,2,0,-2
"347","S29","Morality","male",32,"agree_strong","college_bachDegree","democrat","yes",2,"agree_strong",-2,0,0,2,0,2,0,2,0,-2,2,0,2
"348","S29","Morality","male",32,"agree_strong","college_bachDegree","democrat","yes",2,"agree_strong",0,0,0,2,-2,2,0,-2,-2,0,-2,-2,2
"349","S30","Hunger","male",35,"disagree_strong","college_some","democrat","no",0,"disagree_strong",-2,2,-2,-2,-2,-2,2,2,2,0,2,-2,2
"350","S30","Hunger","male",35,"disagree_strong","college_some","democrat","no",0,"disagree_strong",-2,2,-2,-2,-2,-2,0,2,2,2,2,-2,2
"351","S30","Hunger","male",35,"disagree_strong","college_some","democrat","no",0,"disagree_strong",-2,2,-2,0,0,2,0,2,2,2,2,-2,-2
"352","S30","Hunger","male",35,"disagree_strong","college_some","democrat","no",0,"disagree_strong",-2,2,2,-2,-2,-2,2,2,0,0,2,-2,0
"353","S30","Hunger","male",35,"disagree_strong","college_some","democrat","no",0,"disagree_strong",-2,2,2,-2,-2,-2,0,-2,2,0,2,-2,0
"354","S30","Hunger","male",35,"disagree_strong","college_some","democrat","no",0,"disagree_strong",-2,0,-2,-2,-2,2,0,0,2,2,2,0,2
"355","S30","Hunger","male",35,"disagree_strong","college_some","democrat","no",0,"disagree_strong",-2,2,-2,-2,0,-2,2,2,0,2,2,0,0
"356","S30","Hunger","male",35,"disagree_strong","college_some","democrat","no",0,"disagree_strong",0,0,-2,0,-2,-2,0,0,0,2,0,-2,2
"357","S30","Hunger","male",35,"disagree_strong","college_some","democrat","no",0,"disagree_strong",0,2,-2,-2,-2,2,0,-2,0,2,0,-2,2
"358","S30","Hunger","male",35,"disagree_strong","college_some","democrat","no",0,"disagree_strong",-2,0,1,-2,-2,0,0,-2,2,2,0,-2,2
"359","S30","Hunger","male",35,"disagree_strong","college_some","democrat","no",0,"disagree_strong",0,0,-2,-1,0,2,2,2,2,0,0,-2,-2
"360","S30","Hunger","male",35,"disagree_strong","college_some","democrat","no",0,"disagree_strong",0,2,0,0,-2,2,2,-2,2,0,2,0,-2
"361","S31","Fear","female",35,"agree_strong","college_bachDegree","democrat","no_commited",1,"agree_strong",2,2,2,-2,2,2,-2,-2,-2,2,2,-2,-2
"362","S31","Fear","female",35,"agree_strong","college_bachDegree","democrat","no_commited",1,"agree_strong",2,-2,0,-2,2,2,2,2,2,2,2,2,-2
"363","S31","Fear","female",35,"agree_strong","college_bachDegree","democrat","no_commited",1,"agree_strong",0,-2,-2,2,2,0,-2,2,-2,2,2,-2,-2
"364","S31","Fear","female",35,"agree_strong","college_bachDegree","democrat","no_commited",1,"agree_strong",2,-2,2,-2,-2,2,-2,0,0,2,2,-2,-2
"365","S31","Fear","female",35,"agree_strong","college_bachDegree","democrat","no_commited",1,"agree_strong",2,2,2,-2,-2,2,2,2,-2,2,0,-2,-2
"366","S31","Fear","female",35,"agree_strong","college_bachDegree","democrat","no_commited",1,"agree_strong",0,-2,0,-2,-2,2,-2,0,2,0,0,-2,-2
"367","S31","Fear","female",35,"agree_strong","college_bachDegree","democrat","no_commited",1,"agree_strong",2,2,0,-2,-2,0,-2,0,2,2,2,-2,-2
"368","S31","Fear","female",35,"agree_strong","college_bachDegree","democrat","no_commited",1,"agree_strong",2,2,2,-2,-2,2,2,0,2,0,0,2,-2
"369","S31","Fear","female",35,"agree_strong","college_bachDegree","democrat","no_commited",1,"agree_strong",0,0,0,-2,-2,0,-2,2,0,0,0,0,-2
"370","S31","Fear","female",35,"agree_strong","college_bachDegree","democrat","no_commited",1,"agree_strong",0,2,0,-2,-2,2,0,-2,2,0,0,-2,-2
"371","S31","Fear","female",35,"agree_strong","college_bachDegree","democrat","no_commited",1,"agree_strong",0,0,2,0,-2,2,0,2,0,0,0,-2,-2
"372","S31","Fear","female",35,"agree_strong","college_bachDegree","democrat","no_commited",1,"agree_strong",0,0,0,-2,-2,0,0,0,0,0,2,-2,0
"373","S32","Self-Control","male",30,"disagree_strong","college_bachDegree","democrat","yes",2,"disagree_strong",-2,-2,-1,2,1,2,-1,2,-1,-2,-2,1,2
"374","S32","Self-Control","male",30,"disagree_strong","college_bachDegree","democrat","yes",2,"disagree_strong",0,-2,-1,0,1,1,0,2,-2,-1,1,-2,2
"375","S32","Self-Control","male",30,"disagree_strong","college_bachDegree","democrat","yes",2,"disagree_strong",-2,1,-2,2,-1,2,-1,2,-2,-1,1,1,0
"376","S32","Self-Control","male",30,"disagree_strong","college_bachDegree","democrat","yes",2,"disagree_strong",1,-1,1,1,-2,2,-2,2,1,1,-2,1,-2
"377","S32","Self-Control","male",30,"disagree_strong","college_bachDegree","democrat","yes",2,"disagree_strong",1,-1,1,2,-1,-2,1,2,1,1,2,-1,2
"378","S32","Self-Control","male",30,"disagree_strong","college_bachDegree","democrat","yes",2,"disagree_strong",-1,-2,1,2,1,2,-1,2,-1,-2,1,1,-2
"379","S32","Self-Control","male",30,"disagree_strong","college_bachDegree","democrat","yes",2,"disagree_strong",1,-1,-2,2,-1,2,-2,2,2,-2,1,-1,2
"380","S32","Self-Control","male",30,"disagree_strong","college_bachDegree","democrat","yes",2,"disagree_strong",-1,-1,-2,2,-1,2,2,-2,-1,-1,-2,-2,2
"381","S32","Self-Control","male",30,"disagree_strong","college_bachDegree","democrat","yes",2,"disagree_strong",-1,-1,-1,2,-2,-2,-2,2,-1,1,-2,1,2
"382","S32","Self-Control","male",30,"disagree_strong","college_bachDegree","democrat","yes",2,"disagree_strong",-1,1,-1,2,-2,2,-1,2,-2,1,2,-2,2
"383","S32","Self-Control","male",30,"disagree_strong","college_bachDegree","democrat","yes",2,"disagree_strong",1,-2,-2,2,-2,2,-2,2,-2,-2,2,1,2
"384","S32","Self-Control","male",30,"disagree_strong","college_bachDegree","democrat","yes",2,"disagree_strong",-2,-1,-2,2,-2,2,-2,2,-2,-2,2,-2,2
"385","S33","Morality","male",28,"disagree_strong","college_bachDegree","democrat","no_commited",0,"disagree_strong",-1,-2,-2,-2,0,2,-1,2,2,-2,2,1,2
"386","S33","Morality","male",28,"disagree_strong","college_bachDegree","democrat","no_commited",0,"disagree_strong",-1,1,0,-1,0,2,-2,2,2,1,-2,2,0
"387","S33","Morality","male",28,"disagree_strong","college_bachDegree","democrat","no_commited",0,"disagree_strong",0,-2,-1,-2,0,2,0,0,-2,1,-2,0,2
"388","S33","Morality","male",28,"disagree_strong","college_bachDegree","democrat","no_commited",0,"disagree_strong",0,2,-2,-1,-2,2,-2,2,2,-2,2,-2,2
"389","S33","Morality","male",28,"disagree_strong","college_bachDegree","democrat","no_commited",0,"disagree_strong",-2,2,-2,-2,-2,2,-2,2,-2,1,-2,-2,2
"390","S33","Morality","male",28,"disagree_strong","college_bachDegree","democrat","no_commited",0,"disagree_strong",-2,-2,0,-2,0,0,-2,2,2,1,2,-2,2
"391","S33","Morality","male",28,"disagree_strong","college_bachDegree","democrat","no_commited",0,"disagree_strong",-2,2,0,0,-2,2,0,2,-2,-1,2,-2,2
"392","S33","Morality","male",28,"disagree_strong","college_bachDegree","democrat","no_commited",0,"disagree_strong",0,1,-2,0,-2,2,0,0,2,2,2,-2,2
"393","S33","Morality","male",28,"disagree_strong","college_bachDegree","democrat","no_commited",0,"disagree_strong",-2,2,-2,0,0,2,-2,2,2,-2,2,-2,-2
"394","S33","Morality","male",28,"disagree_strong","college_bachDegree","democrat","no_commited",0,"disagree_strong",-2,2,-2,0,-2,2,0,2,-2,-2,2,0,2
"395","S33","Morality","male",28,"disagree_strong","college_bachDegree","democrat","no_commited",0,"disagree_strong",-2,-1,0,-2,-2,2,-2,2,1,1,2,-1,2
"396","S33","Morality","male",28,"disagree_strong","college_bachDegree","democrat","no_commited",0,"disagree_strong",0,-2,0,-2,-2,2,0,2,1,-1,2,0,2
"397","S34","Morality","female",27,"agree_moderate","college_bachDegree","democrat","no",0,"agree_moderate",1,-2,-2,2,0,0,-2,2,-2,-2,2,-2,1
"398","S34","Morality","female",27,"agree_moderate","college_bachDegree","democrat","no",0,"agree_moderate",0,-2,-2,2,2,2,-2,2,-2,-2,-2,1,2
"399","S34","Morality","female",27,"agree_moderate","college_bachDegree","democrat","no",0,"agree_moderate",2,1,-1,2,2,-1,-2,2,-2,2,2,1,2
"400","S34","Morality","female",27,"agree_moderate","college_bachDegree","democrat","no",0,"agree_moderate",1,-2,1,-2,0,2,-1,2,-2,-1,-2,-2,2
"401","S34","Morality","female",27,"agree_moderate","college_bachDegree","democrat","no",0,"agree_moderate",-1,2,-2,2,-2,2,-2,2,-1,2,2,-2,2
"402","S34","Morality","female",27,"agree_moderate","college_bachDegree","democrat","no",0,"agree_moderate",1,-2,-2,2,2,2,-2,2,-2,-1,1,-2,2
"403","S34","Morality","female",27,"agree_moderate","college_bachDegree","democrat","no",0,"agree_moderate",1,-2,2,2,2,2,-2,-2,-2,-2,1,-1,2
"404","S34","Morality","female",27,"agree_moderate","college_bachDegree","democrat","no",0,"agree_moderate",2,-2,-2,2,2,2,-2,-2,-1,-1,2,-2,2
"405","S34","Morality","female",27,"agree_moderate","college_bachDegree","democrat","no",0,"agree_moderate",-2,2,-1,2,-1,-2,-2,1,1,2,2,-2,2
"406","S34","Morality","female",27,"agree_moderate","college_bachDegree","democrat","no",0,"agree_moderate",-2,-2,-2,2,-1,2,1,2,1,-2,2,-2,0
"407","S34","Morality","female",27,"agree_moderate","college_bachDegree","democrat","no",0,"agree_moderate",-1,-1,-1,0,-2,-2,-1,2,-2,-2,-2,-1,2
"408","S34","Morality","female",27,"agree_moderate","college_bachDegree","democrat","no",0,"agree_moderate",-2,1,-2,2,1,2,-2,2,2,1,-2,-2,2
"409","S35","Morality","female",56,"agree_moderate","grad_degree","democrat","yes",2,"agree_moderate",0,2,-2,2,0,1,-2,2,-1,-2,-1,-2,2
"410","S35","Morality","female",56,"agree_moderate","grad_degree","democrat","yes",2,"agree_moderate",-2,-1,0,2,0,2,1,1,2,-2,0,-1,1
"411","S35","Morality","female",56,"agree_moderate","grad_degree","democrat","yes",2,"agree_moderate",1,-1,-1,2,-2,2,-2,0,2,1,2,-2,2
"412","S35","Morality","female",56,"agree_moderate","grad_degree","democrat","yes",2,"agree_moderate",-2,0,-2,2,-1,1,-2,2,0,0,2,-2,-2
"413","S35","Morality","female",56,"agree_moderate","grad_degree","democrat","yes",2,"agree_moderate",0,2,-2,2,-2,-2,0,0,0,0,-1,-2,0
"414","S35","Morality","female",56,"agree_moderate","grad_degree","democrat","yes",2,"agree_moderate",-2,0,-2,2,-2,0,-2,2,2,0,0,-2,0
"415","S35","Morality","female",56,"agree_moderate","grad_degree","democrat","yes",2,"agree_moderate",-2,-2,-2,2,0,1,0,0,2,0,2,1,0
"416","S35","Morality","female",56,"agree_moderate","grad_degree","democrat","yes",2,"agree_moderate",-2,2,0,2,-2,0,-2,0,0,2,2,1,2
"417","S35","Morality","female",56,"agree_moderate","grad_degree","democrat","yes",2,"agree_moderate",-2,-2,-2,2,-2,2,-2,2,-2,-2,-2,1,0
"418","S35","Morality","female",56,"agree_moderate","grad_degree","democrat","yes",2,"agree_moderate",-2,0,-2,2,-2,2,-2,2,0,2,2,-1,2
"419","S35","Morality","female",56,"agree_moderate","grad_degree","democrat","yes",2,"agree_moderate",-2,2,-2,2,-2,2,-1,-2,1,2,0,-1,2
"420","S35","Morality","female",56,"agree_moderate","grad_degree","democrat","yes",2,"agree_moderate",-1,1,-1,2,-1,2,-2,2,1,-1,0,1,2
"421","S36","Morality","male",55,"agree_strong","college_assocDegree","democrat","no",0,"disagree_strong",0,2,-2,0,-2,2,-1,2,1,1,2,1,2
"422","S36","Morality","male",55,"agree_strong","college_assocDegree","democrat","no",0,"disagree_strong",-2,2,-2,-2,-2,2,-1,2,-2,0,2,0,2
"423","S36","Morality","male",55,"agree_strong","college_assocDegree","democrat","no",0,"disagree_strong",0,-2,-1,0,-1,2,-2,2,-1,-2,2,-2,-2
"424","S36","Morality","male",55,"agree_strong","college_assocDegree","democrat","no",0,"disagree_strong",1,2,1,-2,-2,2,-2,2,-2,2,2,0,-2
"425","S36","Morality","male",55,"agree_strong","college_assocDegree","democrat","no",0,"disagree_strong",0,0,-1,0,-2,2,-2,2,2,-2,1,0,-2
"426","S36","Morality","male",55,"agree_strong","college_assocDegree","democrat","no",0,"disagree_strong",-2,0,-2,0,-2,2,-2,2,2,0,1,-2,2
"427","S36","Morality","male",55,"agree_strong","college_assocDegree","democrat","no",0,"disagree_strong",1,0,-2,0,0,2,0,0,0,1,2,0,-1
"428","S36","Morality","male",55,"agree_strong","college_assocDegree","democrat","no",0,"disagree_strong",-1,-2,-1,-2,-2,2,2,-1,0,1,2,1,1
"429","S36","Morality","male",55,"agree_strong","college_assocDegree","democrat","no",0,"disagree_strong",2,-1,-2,0,0,2,-2,2,-2,-1,-1,-2,1
"430","S36","Morality","male",55,"agree_strong","college_assocDegree","democrat","no",0,"disagree_strong",-1,-2,-2,0,-1,0,1,1,-1,0,0,0,2
"431","S36","Morality","male",55,"agree_strong","college_assocDegree","democrat","no",0,"disagree_strong",1,2,0,0,-2,-1,-1,1,2,-2,1,-1,1
"432","S36","Morality","male",55,"agree_strong","college_assocDegree","democrat","no",0,"disagree_strong",1,-2,-1,0,-2,2,-2,2,-1,1,2,2,2
"433","S37","Self-Control","female",40,"agree_strong","college_some","democrat","no_commited",0,"agree_strong",-2,-2,-2,2,-2,2,-2,2,2,-2,2,-2,2
"434","S37","Self-Control","female",40,"agree_strong","college_some","democrat","no_commited",0,"agree_strong",1,2,-2,2,-2,-2,2,2,2,-2,2,-2,2
"435","S37","Self-Control","female",40,"agree_strong","college_some","democrat","no_commited",0,"agree_strong",-2,2,1,2,-2,-2,-2,2,2,-2,2,-2,0
"436","S37","Self-Control","female",40,"agree_strong","college_some","democrat","no_commited",0,"agree_strong",1,2,-2,2,-2,0,-1,2,2,1,2,0,2
"437","S37","Self-Control","female",40,"agree_strong","college_some","democrat","no_commited",0,"agree_strong",1,-2,-1,2,-2,2,-2,2,-1,1,2,-1,-2
"438","S37","Self-Control","female",40,"agree_strong","college_some","democrat","no_commited",0,"agree_strong",-2,-2,-1,2,-2,2,-2,2,-1,-2,-2,-2,2
"439","S37","Self-Control","female",40,"agree_strong","college_some","democrat","no_commited",0,"agree_strong",-2,1,-2,2,0,2,1,2,-2,-2,-2,-2,0
"440","S37","Self-Control","female",40,"agree_strong","college_some","democrat","no_commited",0,"agree_strong",0,2,-2,2,-1,2,-2,2,-2,-2,-2,-2,2
"441","S37","Self-Control","female",40,"agree_strong","college_some","democrat","no_commited",0,"agree_strong",-2,1,1,2,-1,2,-1,2,-2,2,2,-1,2
"442","S37","Self-Control","female",40,"agree_strong","college_some","democrat","no_commited",0,"agree_strong",1,-2,0,2,-2,2,-1,0,-2,-2,2,-1,2
"443","S37","Self-Control","female",40,"agree_strong","college_some","democrat","no_commited",0,"agree_strong",-1,2,1,2,-2,2,-2,-2,1,2,-2,-2,2
"444","S37","Self-Control","female",40,"agree_strong","college_some","democrat","no_commited",0,"agree_strong",1,-2,-2,2,-1,2,-2,2,-2,-1,1,-2,2
"445","S38","Self-Control","male",21,"neither","college_some","democrat","no_commited",0,"neither",0,0,0,0,0,0,0,-1,0,0,0,0,0
"446","S38","Self-Control","male",21,"neither","college_some","democrat","no_commited",0,"neither",1,-1,0,0,0,0,0,0,0,0,0,1,0
"447","S38","Self-Control","male",21,"neither","college_some","democrat","no_commited",0,"neither",-1,0,0,0,0,0,0,0,0,0,0,0,0
"448","S38","Self-Control","male",21,"neither","college_some","democrat","no_commited",0,"neither",0,0,1,0,0,0,0,0,0,0,0,0,0
"449","S38","Self-Control","male",21,"neither","college_some","democrat","no_commited",0,"neither",0,0,0,0,0,0,0,0,0,0,0,0,0
"450","S38","Self-Control","male",21,"neither","college_some","democrat","no_commited",0,"neither",0,0,0,0,0,0,0,0,0,0,0,0,0
"451","S38","Self-Control","male",21,"neither","college_some","democrat","no_commited",0,"neither",0,0,0,0,0,0,0,0,0,0,0,0,0
"452","S38","Self-Control","male",21,"neither","college_some","democrat","no_commited",0,"neither",0,0,0,0,0,0,0,0,0,0,0,0,0
"453","S38","Self-Control","male",21,"neither","college_some","democrat","no_commited",0,"neither",0,0,0,0,0,0,0,0,0,0,0,0,0
"454","S38","Self-Control","male",21,"neither","college_some","democrat","no_commited",0,"neither",0,0,0,0,0,0,0,0,0,0,0,0,0
"455","S38","Self-Control","male",21,"neither","college_some","democrat","no_commited",0,"neither",0,0,0,0,0,0,0,0,0,0,0,0,0
"456","S38","Self-Control","male",21,"neither","college_some","democrat","no_commited",0,"neither",0,0,0,0,0,0,0,0,0,0,0,0,0
"457","S39","Fear","male",33,"disagree_strong","college_bachDegree","democrat","no",0,"disagree_strong",-2,2,0,-2,0,2,2,1,2,1,1,-2,-1
"458","S39","Fear","male",33,"disagree_strong","college_bachDegree","democrat","no",0,"disagree_strong",-2,2,-2,0,-2,1,2,0,2,2,0,-2,2
"459","S39","Fear","male",33,"disagree_strong","college_bachDegree","democrat","no",0,"disagree_strong",0,-1,-2,-2,-2,2,-2,2,2,1,1,-2,2
"460","S39","Fear","male",33,"disagree_strong","college_bachDegree","democrat","no",0,"disagree_strong",-2,-1,-2,-2,-2,0,-2,2,-1,0,2,0,2
"461","S39","Fear","male",33,"disagree_strong","college_bachDegree","democrat","no",0,"disagree_strong",-2,-1,-2,0,-2,2,-2,2,2,2,2,-2,0
"462","S39","Fear","male",33,"disagree_strong","college_bachDegree","democrat","no",0,"disagree_strong",-2,-1,0,0,0,2,2,0,-1,2,0,0,1
"463","S39","Fear","male",33,"disagree_strong","college_bachDegree","democrat","no",0,"disagree_strong",0,2,-2,-2,-2,2,-2,2,2,2,2,-2,2
"464","S39","Fear","male",33,"disagree_strong","college_bachDegree","democrat","no",0,"disagree_strong",0,2,-2,-2,-2,2,-2,2,-2,2,0,0,2
"465","S39","Fear","male",33,"disagree_strong","college_bachDegree","democrat","no",0,"disagree_strong",-2,1,-2,0,-2,0,2,2,-2,2,2,-2,2
"466","S39","Fear","male",33,"disagree_strong","college_bachDegree","democrat","no",0,"disagree_strong",-2,-1,0,-2,-2,0,-2,0,-2,0,0,-2,2
"467","S39","Fear","male",33,"disagree_strong","college_bachDegree","democrat","no",0,"disagree_strong",0,2,-2,-2,0,2,2,0,2,2,2,-2,0
"468","S39","Fear","male",33,"disagree_strong","college_bachDegree","democrat","no",0,"disagree_strong",-2,2,0,-2,0,0,-2,2,-2,0,2,0,0
"469","S40","Hunger","female",33,"agree_strong","college_assocDegree","democrat","yes",2,"agree_moderate",-1,1,-2,-2,-2,2,-2,2,-1,0,1,-1,2
"470","S40","Hunger","female",33,"agree_strong","college_assocDegree","democrat","yes",2,"agree_moderate",1,-2,-2,-2,-2,1,-2,2,-2,0,2,-2,0
"471","S40","Hunger","female",33,"agree_strong","college_assocDegree","democrat","yes",2,"agree_moderate",1,0,-2,-2,-2,0,-1,2,2,0,0,-1,2
"472","S40","Hunger","female",33,"agree_strong","college_assocDegree","democrat","yes",2,"agree_moderate",-2,2,-2,-2,-1,1,-1,0,0,0,2,-2,1
"473","S40","Hunger","female",33,"agree_strong","college_assocDegree","democrat","yes",2,"agree_moderate",-2,-1,1,0,-1,2,1,0,2,2,2,0,0
"474","S40","Hunger","female",33,"agree_strong","college_assocDegree","democrat","yes",2,"agree_moderate",-2,1,0,-2,-2,2,2,1,0,2,0,-2,2
"475","S40","Hunger","female",33,"agree_strong","college_assocDegree","democrat","yes",2,"agree_moderate",-2,-2,2,0,-2,0,2,2,-1,2,0,-2,2
"476","S40","Hunger","female",33,"agree_strong","college_assocDegree","democrat","yes",2,"agree_moderate",0,1,0,-1,0,0,0,2,-2,2,2,0,2
"477","S40","Hunger","female",33,"agree_strong","college_assocDegree","democrat","yes",2,"agree_moderate",1,-1,1,-1,0,2,-1,0,2,1,2,-2,2
"478","S40","Hunger","female",33,"agree_strong","college_assocDegree","democrat","yes",2,"agree_moderate",1,-1,-1,-1,-2,1,-2,2,-1,2,0,-1,2
"479","S40","Hunger","female",33,"agree_strong","college_assocDegree","democrat","yes",2,"agree_moderate",-1,1,-1,-2,-2,1,0,2,1,2,2,-2,-2
"480","S40","Hunger","female",33,"agree_strong","college_assocDegree","democrat","yes",2,"agree_moderate",-1,1,-2,-2,-2,0,-2,1,2,2,2,-2,0
"481","S41","Self-Control","male",40,"agree_little","grad_degree","republican","yes",0,"agree_little",0,1,0,2,-2,2,-2,2,0,-2,-1,0,2
"482","S41","Self-Control","male",40,"agree_little","grad_degree","republican","yes",0,"agree_little",-1,-2,-1,1,0,2,0,2,0,2,-1,0,1
"483","S41","Self-Control","male",40,"agree_little","grad_degree","republican","yes",0,"agree_little",0,-2,-2,2,-2,-2,0,2,-1,-2,2,0,2
"484","S41","Self-Control","male",40,"agree_little","grad_degree","republican","yes",0,"agree_little",0,1,-2,2,-2,1,-2,-2,-1,-1,2,0,2
"485","S41","Self-Control","male",40,"agree_little","grad_degree","republican","yes",0,"agree_little",0,1,-2,2,0,2,0,2,-2,-2,1,-2,2
"486","S41","Self-Control","male",40,"agree_little","grad_degree","republican","yes",0,"agree_little",0,1,1,2,-1,2,-2,2,-2,1,2,-1,-1
"487","S41","Self-Control","male",40,"agree_little","grad_degree","republican","yes",0,"agree_little",-1,1,-2,2,0,2,-2,2,-2,1,-2,-2,2
"488","S41","Self-Control","male",40,"agree_little","grad_degree","republican","yes",0,"agree_little",-2,1,-2,2,-2,2,-1,2,-2,2,1,-1,2
"489","S41","Self-Control","male",40,"agree_little","grad_degree","republican","yes",0,"agree_little",-2,-2,1,2,-1,2,-2,2,0,1,2,-2,2
"490","S41","Self-Control","male",40,"agree_little","grad_degree","republican","yes",0,"agree_little",-1,-2,1,2,-2,2,-1,2,0,-2,1,-1,2
"491","S41","Self-Control","male",40,"agree_little","grad_degree","republican","yes",0,"agree_little",-2,1,-1,2,-1,-2,-1,2,-1,-2,1,-2,2
"492","S41","Self-Control","male",40,"agree_little","grad_degree","republican","yes",0,"agree_little",-2,-1,1,-2,0,2,0,-2,-2,1,-2,-2,2
"493","S42","Fear","female",46,"disagree_strong","college_bachDegree","democrat","yes",3,"disagree_moderate",-1,0,-2,-2,-2,2,2,2,2,-1,2,-2,0
"494","S42","Fear","female",46,"disagree_strong","college_bachDegree","democrat","yes",3,"disagree_moderate",-2,2,-2,-2,-2,0,-2,0,2,-1,0,-2,0
"495","S42","Fear","female",46,"disagree_strong","college_bachDegree","democrat","yes",3,"disagree_moderate",-2,2,-2,-2,-2,1,-2,2,0,-1,0,-2,2
"496","S42","Fear","female",46,"disagree_strong","college_bachDegree","democrat","yes",3,"disagree_moderate",0,0,-2,-1,-2,2,-2,1,2,2,0,0,2
"497","S42","Fear","female",46,"disagree_strong","college_bachDegree","democrat","yes",3,"disagree_moderate",0,2,0,-2,-2,2,-2,0,2,2,1,-2,2
"498","S42","Fear","female",46,"disagree_strong","college_bachDegree","democrat","yes",3,"disagree_moderate",1,2,-2,0,0,0,1,2,0,2,2,-2,0
"499","S42","Fear","female",46,"disagree_strong","college_bachDegree","democrat","yes",3,"disagree_moderate",-2,0,2,-2,-1,0,-2,2,0,2,2,0,0
"500","S42","Fear","female",46,"disagree_strong","college_bachDegree","democrat","yes",3,"disagree_moderate",-2,2,1,-2,0,2,2,2,0,0,2,0,2
"501","S42","Fear","female",46,"disagree_strong","college_bachDegree","democrat","yes",3,"disagree_moderate",0,0,0,0,-2,0,2,0,0,1,2,-2,1
"502","S42","Fear","female",46,"disagree_strong","college_bachDegree","democrat","yes",3,"disagree_moderate",-2,0,-2,0,-2,2,2,2,0,0,0,-2,0
"503","S42","Fear","female",46,"disagree_strong","college_bachDegree","democrat","yes",3,"disagree_moderate",-2,0,-2,-2,-2,2,-1,0,2,-1,0,0,2
"504","S42","Fear","female",46,"disagree_strong","college_bachDegree","democrat","yes",3,"disagree_moderate",-2,2,-2,-2,-2,0,-2,0,2,2,2,-2,2
"505","S43","Morality","male",25,"agree_little","college_bachDegree","independent","no",0,"agree_little",-1,1,-2,2,-2,2,-2,2,-2,1,-2,0,2
"506","S43","Morality","male",25,"agree_little","college_bachDegree","independent","no",0,"agree_little",-2,-2,-2,2,-1,-2,-2,2,1,-2,-2,-2,2
"507","S43","Morality","male",25,"agree_little","college_bachDegree","independent","no",0,"agree_little",-2,-2,0,2,0,2,-2,2,-2,-2,2,-2,-2
"508","S43","Morality","male",25,"agree_little","college_bachDegree","independent","no",0,"agree_little",0,-2,-2,2,-2,2,0,2,-2,-2,2,-2,2
"509","S43","Morality","male",25,"agree_little","college_bachDegree","independent","no",0,"agree_little",-1,1,-2,2,-2,2,2,2,1,-2,2,-2,2
"510","S43","Morality","male",25,"agree_little","college_bachDegree","independent","no",0,"agree_little",-1,2,-2,2,0,2,-2,2,-1,-1,-2,-2,2
"511","S43","Morality","male",25,"agree_little","college_bachDegree","independent","no",0,"agree_little",0,2,0,2,-2,2,-1,0,2,1,-2,0,2
"512","S43","Morality","male",25,"agree_little","college_bachDegree","independent","no",0,"agree_little",0,1,-2,2,0,2,-1,2,1,1,2,-2,0
"513","S43","Morality","male",25,"agree_little","college_bachDegree","independent","no",0,"agree_little",-2,1,-1,2,-1,2,-1,2,-2,-1,1,0,2
"514","S43","Morality","male",25,"agree_little","college_bachDegree","independent","no",0,"agree_little",0,1,-2,2,-2,2,-2,2,-1,1,1,-2,2
"515","S43","Morality","male",25,"agree_little","college_bachDegree","independent","no",0,"agree_little",-2,-1,0,2,-2,2,1,0,2,-1,2,-1,-2
"516","S43","Morality","male",25,"agree_little","college_bachDegree","independent","no",0,"agree_little",-2,-2,-2,2,-1,0,1,-2,2,1,1,-1,2
"517","S44","Morality","male",22,"agree_strong","college_assocDegree","democrat","no",0,"neither",2,-2,0,1,-2,2,0,2,-2,-2,-2,2,2
"518","S44","Morality","male",22,"agree_strong","college_assocDegree","democrat","no",0,"neither",2,-1,-1,-2,0,-2,-2,2,-1,-2,2,1,1
"519","S44","Morality","male",22,"agree_strong","college_assocDegree","democrat","no",0,"neither",2,0,0,-1,-2,1,0,1,0,-1,1,-1,1
"520","S44","Morality","male",22,"agree_strong","college_assocDegree","democrat","no",0,"neither",2,0,-1,1,0,0,-2,1,0,0,-1,0,2
"521","S44","Morality","male",22,"agree_strong","college_assocDegree","democrat","no",0,"neither",1,0,-1,0,0,0,-1,1,-1,-1,1,1,2
"522","S44","Morality","male",22,"agree_strong","college_assocDegree","democrat","no",0,"neither",0,0,-1,0,-2,2,-1,0,0,0,0,0,2
"523","S44","Morality","male",22,"agree_strong","college_assocDegree","democrat","no",0,"neither",1,-1,-1,1,0,1,-1,-2,-1,0,1,1,2
"524","S44","Morality","male",22,"agree_strong","college_assocDegree","democrat","no",0,"neither",1,0,-2,1,-1,2,0,1,-2,-1,-2,-1,2
"525","S44","Morality","male",22,"agree_strong","college_assocDegree","democrat","no",0,"neither",-2,0,-1,1,-2,1,-2,0,-1,0,-1,0,2
"526","S44","Morality","male",22,"agree_strong","college_assocDegree","democrat","no",0,"neither",1,-1,0,-2,1,1,0,2,0,0,-2,0,2
"527","S44","Morality","male",22,"agree_strong","college_assocDegree","democrat","no",0,"neither",-1,-2,0,1,0,1,0,2,-1,0,0,-2,2
"528","S44","Morality","male",22,"agree_strong","college_assocDegree","democrat","no",0,"neither",-2,-1,0,-2,0,2,0,2,0,-1,0,1,2
"529","S45","Fear","male",69,"agree_moderate","college_bachDegree","democrat","yes",2,"agree_moderate",-2,2,-2,-2,-2,1,-2,2,2,-1,2,-2,-2
"530","S45","Fear","male",69,"agree_moderate","college_bachDegree","democrat","yes",2,"agree_moderate",-1,1,-2,-2,-2,2,2,2,2,2,2,-2,2
"531","S45","Fear","male",69,"agree_moderate","college_bachDegree","democrat","yes",2,"agree_moderate",-2,-2,-1,-2,-2,1,2,2,2,2,1,-2,1
"532","S45","Fear","male",69,"agree_moderate","college_bachDegree","democrat","yes",2,"agree_moderate",1,2,-2,-1,-2,2,2,2,2,2,-1,-1,-2
"533","S45","Fear","male",69,"agree_moderate","college_bachDegree","democrat","yes",2,"agree_moderate",-2,-1,-1,-1,-2,2,1,1,1,-2,2,-2,-2
"534","S45","Fear","male",69,"agree_moderate","college_bachDegree","democrat","yes",2,"agree_moderate",0,-2,1,-2,-2,-1,-1,-1,2,2,2,0,-1
"535","S45","Fear","male",69,"agree_moderate","college_bachDegree","democrat","yes",2,"agree_moderate",-1,1,-2,0,0,2,-1,2,1,-1,2,0,2
"536","S45","Fear","male",69,"agree_moderate","college_bachDegree","democrat","yes",2,"agree_moderate",2,1,1,-1,0,2,-2,2,-2,-2,2,-1,-2
"537","S45","Fear","male",69,"agree_moderate","college_bachDegree","democrat","yes",2,"agree_moderate",0,2,-1,-1,1,2,-2,2,1,0,2,0,0
"538","S45","Fear","male",69,"agree_moderate","college_bachDegree","democrat","yes",2,"agree_moderate",0,-2,0,-2,-1,2,-1,2,1,-2,1,-2,-2
"539","S45","Fear","male",69,"agree_moderate","college_bachDegree","democrat","yes",2,"agree_moderate",1,1,-2,-2,-1,2,1,1,-1,1,1,-2,1
"540","S45","Fear","male",69,"agree_moderate","college_bachDegree","democrat","yes",2,"agree_moderate",-1,2,1,-1,-2,2,-1,2,-2,1,1,-2,-1
"541","S46","Hunger","male",27,"disagree_moderate","college_bachDegree","democrat","no_commited",0,"disagree_moderate",-2,-1,-2,-2,0,2,-1,2,1,-2,2,0,2
"542","S46","Hunger","male",27,"disagree_moderate","college_bachDegree","democrat","no_commited",0,"disagree_moderate",2,2,-2,-2,-2,2,-2,2,1,2,2,-2,2
"543","S46","Hunger","male",27,"disagree_moderate","college_bachDegree","democrat","no_commited",0,"disagree_moderate",-2,-2,-2,-2,-2,2,-2,2,-2,-1,2,-2,2
"544","S46","Hunger","male",27,"disagree_moderate","college_bachDegree","democrat","no_commited",0,"disagree_moderate",-2,2,-2,-2,-2,1,-2,2,-1,1,2,-2,2
"545","S46","Hunger","male",27,"disagree_moderate","college_bachDegree","democrat","no_commited",0,"disagree_moderate",2,2,2,0,-2,-1,-2,2,1,-1,2,-2,2
"546","S46","Hunger","male",27,"disagree_moderate","college_bachDegree","democrat","no_commited",0,"disagree_moderate",1,2,2,-2,-2,1,-1,2,-1,-1,-1,-2,2
"547","S46","Hunger","male",27,"disagree_moderate","college_bachDegree","democrat","no_commited",0,"disagree_moderate",1,-2,-1,-1,-2,0,2,-2,2,1,1,-1,2
"548","S46","Hunger","male",27,"disagree_moderate","college_bachDegree","democrat","no_commited",0,"disagree_moderate",-1,2,-1,-2,0,2,-2,2,2,1,1,-2,1
"549","S46","Hunger","male",27,"disagree_moderate","college_bachDegree","democrat","no_commited",0,"disagree_moderate",-2,-2,2,-2,-2,2,1,1,2,1,1,-1,2
"550","S46","Hunger","male",27,"disagree_moderate","college_bachDegree","democrat","no_commited",0,"disagree_moderate",-1,-1,1,0,-2,2,-1,1,2,2,-2,-2,2
"551","S46","Hunger","male",27,"disagree_moderate","college_bachDegree","democrat","no_commited",0,"disagree_moderate",-1,1,-2,-2,-2,2,2,0,2,1,-2,-2,-2
"552","S46","Hunger","male",27,"disagree_moderate","college_bachDegree","democrat","no_commited",0,"disagree_moderate",-1,-1,-2,-2,-2,1,2,2,2,-2,2,0,2
"553","S47","Morality","female",21,"agree_moderate","hs_diploma","democrat","no",0,"agree_little",0,-2,0,2,1,2,-2,1,1,1,-1,-2,2
"554","S47","Morality","female",21,"agree_moderate","hs_diploma","democrat","no",0,"agree_little",-1,-1,-2,2,2,0,-1,0,1,-2,1,1,0
"555","S47","Morality","female",21,"agree_moderate","hs_diploma","democrat","no",0,"agree_little",-1,-1,-2,0,0,2,-2,2,-2,0,-2,-1,0
"556","S47","Morality","female",21,"agree_moderate","hs_diploma","democrat","no",0,"agree_little",-1,0,-1,1,1,0,-1,2,-1,0,1,1,2
"557","S47","Morality","female",21,"agree_moderate","hs_diploma","democrat","no",0,"agree_little",-1,1,0,0,0,2,-2,2,1,-2,1,-2,2
"558","S47","Morality","female",21,"agree_moderate","hs_diploma","democrat","no",0,"agree_little",-2,-2,0,1,-1,0,-1,-1,1,-2,-1,0,2
"559","S47","Morality","female",21,"agree_moderate","hs_diploma","democrat","no",0,"agree_little",-2,1,0,1,-1,1,-1,0,-1,-1,-1,0,0
"560","S47","Morality","female",21,"agree_moderate","hs_diploma","democrat","no",0,"agree_little",-1,1,-2,1,-2,1,-1,2,-2,1,1,-1,2
"561","S47","Morality","female",21,"agree_moderate","hs_diploma","democrat","no",0,"agree_little",-2,-2,-1,2,-2,2,-2,2,-1,0,1,-1,1
"562","S47","Morality","female",21,"agree_moderate","hs_diploma","democrat","no",0,"agree_little",0,0,-2,2,-1,2,0,2,1,-1,1,-1,1
"563","S47","Morality","female",21,"agree_moderate","hs_diploma","democrat","no",0,"agree_little",1,-1,0,2,0,2,-2,2,0,0,1,0,1
"564","S47","Morality","female",21,"agree_moderate","hs_diploma","democrat","no",0,"agree_little",-1,1,-1,2,1,2,-1,2,-2,-1,0,-2,1
"565","S48","Morality","female",36,"agree_strong","college_assocDegree","independent","yes",2,"agree_strong",-1,0,-2,2,0,2,-2,2,-2,0,2,0,-2
"566","S48","Morality","female",36,"agree_strong","college_assocDegree","independent","yes",2,"agree_strong",0,-1,0,2,0,1,-1,2,2,1,2,-2,2
"567","S48","Morality","female",36,"agree_strong","college_assocDegree","independent","yes",2,"agree_strong",-2,-2,-2,2,-2,2,0,2,1,1,2,0,2
"568","S48","Morality","female",36,"agree_strong","college_assocDegree","independent","yes",2,"agree_strong",-2,-2,0,2,-2,2,-2,2,-2,-2,1,-2,2
"569","S48","Morality","female",36,"agree_strong","college_assocDegree","independent","yes",2,"agree_strong",0,1,-2,2,0,2,-2,2,0,-1,-1,-2,2
"570","S48","Morality","female",36,"agree_strong","college_assocDegree","independent","yes",2,"agree_strong",-1,1,0,2,-1,2,-2,2,-2,-2,-2,-1,2
"571","S48","Morality","female",36,"agree_strong","college_assocDegree","independent","yes",2,"agree_strong",-2,0,0,2,-2,1,0,0,1,1,-1,-1,1
"572","S48","Morality","female",36,"agree_strong","college_assocDegree","independent","yes",2,"agree_strong",-2,-1,-2,2,-2,-2,0,2,1,-2,-1,-2,0
"573","S48","Morality","female",36,"agree_strong","college_assocDegree","independent","yes",2,"agree_strong",-1,1,-1,2,0,2,-2,1,0,-2,1,-2,2
"574","S48","Morality","female",36,"agree_strong","college_assocDegree","independent","yes",2,"agree_strong",-1,-1,-2,2,-2,0,-1,0,-2,-2,2,0,2
"575","S48","Morality","female",36,"agree_strong","college_assocDegree","independent","yes",2,"agree_strong",0,1,-1,2,-1,2,0,-2,-2,1,2,-1,-2
"576","S48","Morality","female",36,"agree_strong","college_assocDegree","independent","yes",2,"agree_strong",0,-2,0,2,0,2,0,2,1,1,1,0,2
"577","S49","Fear","male",41,"disagree_strong","college_bachDegree","democrat","no_commited",1,"disagree_strong",-2,0,1,0,0,0,-1,0,0,2,2,0,1
"578","S49","Fear","male",41,"disagree_strong","college_bachDegree","democrat","no_commited",1,"disagree_strong",-2,0,-2,-1,-2,2,1,0,2,2,0,-1,-1
"579","S49","Fear","male",41,"disagree_strong","college_bachDegree","democrat","no_commited",1,"disagree_strong",-2,1,1,0,-2,2,2,2,0,0,0,-2,-1
"580","S49","Fear","male",41,"disagree_strong","college_bachDegree","democrat","no_commited",1,"disagree_strong",-1,2,-1,-2,-1,1,-1,1,2,2,0,-2,0
"581","S49","Fear","male",41,"disagree_strong","college_bachDegree","democrat","no_commited",1,"disagree_strong",0,0,1,-2,-2,0,1,0,2,2,2,0,-2
"582","S49","Fear","male",41,"disagree_strong","college_bachDegree","democrat","no_commited",1,"disagree_strong",0,0,-2,-2,0,2,-1,1,0,0,2,-2,0
"583","S49","Fear","male",41,"disagree_strong","college_bachDegree","democrat","no_commited",1,"disagree_strong",-2,1,1,0,-2,0,1,2,1,0,2,-2,-1
"584","S49","Fear","male",41,"disagree_strong","college_bachDegree","democrat","no_commited",1,"disagree_strong",-1,2,1,-1,-2,2,1,2,2,0,1,-2,-2
"585","S49","Fear","male",41,"disagree_strong","college_bachDegree","democrat","no_commited",1,"disagree_strong",0,2,-2,0,0,2,-1,0,0,1,0,-1,-1
"586","S49","Fear","male",41,"disagree_strong","college_bachDegree","democrat","no_commited",1,"disagree_strong",-1,1,-1,-2,-2,1,-1,0,0,2,2,-2,0
"587","S49","Fear","male",41,"disagree_strong","college_bachDegree","democrat","no_commited",1,"disagree_strong",-2,2,-1,-2,0,0,-1,1,2,2,1,0,-2
"588","S49","Fear","male",41,"disagree_strong","college_bachDegree","democrat","no_commited",1,"disagree_strong",0,0,-1,-2,-2,0,2,2,2,0,0,-2,-2
"589","S50","Self-Control","male",24,"agree_little","college_some","independent","no",0,"agree_moderate",0,-1,-2,2,-2,2,-2,2,1,-2,2,1,2
"590","S50","Self-Control","male",24,"agree_little","college_some","independent","no",0,"agree_moderate",-2,2,-2,2,0,0,-1,2,1,-2,2,-2,2
"591","S50","Self-Control","male",24,"agree_little","college_some","independent","no",0,"agree_moderate",-2,-2,-2,2,-2,2,-2,0,2,-2,1,-2,2
"592","S50","Self-Control","male",24,"agree_little","college_some","independent","no",0,"agree_moderate",-2,-2,-1,2,-2,2,0,2,-2,-2,-2,2,2
"593","S50","Self-Control","male",24,"agree_little","college_some","independent","no",0,"agree_moderate",0,1,-2,2,-2,2,1,2,-2,-1,2,2,2
"594","S50","Self-Control","male",24,"agree_little","college_some","independent","no",0,"agree_moderate",-2,1,-2,2,-2,2,0,-2,-2,1,2,2,2
"595","S50","Self-Control","male",24,"agree_little","college_some","independent","no",0,"agree_moderate",1,-2,-2,2,-1,2,-2,2,2,1,-2,-2,-2
"596","S50","Self-Control","male",24,"agree_little","college_some","independent","no",0,"agree_moderate",-1,-2,0,2,-1,2,-2,2,0,-2,-2,-1,-1
"597","S50","Self-Control","male",24,"agree_little","college_some","independent","no",0,"agree_moderate",-2,0,-1,2,-1,-2,-2,2,-2,2,2,1,2
"598","S50","Self-Control","male",24,"agree_little","college_some","independent","no",0,"agree_moderate",-1,0,-2,2,-2,2,-2,1,0,1,-2,-2,2
"599","S50","Self-Control","male",24,"agree_little","college_some","independent","no",0,"agree_moderate",-1,-2,0,2,-2,1,-2,2,-1,-2,2,0,-1
"600","S50","Self-Control","male",24,"agree_little","college_some","independent","no",0,"agree_moderate",-1,1,-1,2,0,2,-2,2,2,0,1,1,2
"601","S51","Morality","female",34,"disagree_moderate","grad_some","democrat","no",1,"disagree_moderate",-2,-1,-2,2,-2,2,2,2,2,2,-2,-2,2
"602","S51","Morality","female",34,"disagree_moderate","grad_some","democrat","no",1,"disagree_moderate",-2,2,-1,2,-2,2,1,2,-2,-2,1,1,2
"603","S51","Morality","female",34,"disagree_moderate","grad_some","democrat","no",1,"disagree_moderate",-2,2,-2,2,-2,2,-2,2,-2,2,-2,-2,2
"604","S51","Morality","female",34,"disagree_moderate","grad_some","democrat","no",1,"disagree_moderate",0,-1,-2,2,-2,-1,2,1,1,-2,-1,-2,2
"605","S51","Morality","female",34,"disagree_moderate","grad_some","democrat","no",1,"disagree_moderate",-2,1,-2,2,0,2,-2,-2,-1,2,-2,1,2
"606","S51","Morality","female",34,"disagree_moderate","grad_some","democrat","no",1,"disagree_moderate",-2,-2,-2,2,-2,-2,-2,2,2,-2,2,2,2
"607","S51","Morality","female",34,"disagree_moderate","grad_some","democrat","no",1,"disagree_moderate",-1,-2,1,2,-2,2,-1,-1,-1,2,-1,1,2
"608","S51","Morality","female",34,"disagree_moderate","grad_some","democrat","no",1,"disagree_moderate",-2,-2,-2,1,-2,2,-2,2,2,1,-2,-2,2
"609","S51","Morality","female",34,"disagree_moderate","grad_some","democrat","no",1,"disagree_moderate",-2,2,-2,1,-2,2,-2,2,-1,-2,2,1,2
"610","S51","Morality","female",34,"disagree_moderate","grad_some","democrat","no",1,"disagree_moderate",-2,-2,-2,1,-2,2,-2,2,2,-1,2,2,2
"611","S51","Morality","female",34,"disagree_moderate","grad_some","democrat","no",1,"disagree_moderate",-2,-1,2,-2,-2,2,-2,2,2,-2,2,2,2
"612","S51","Morality","female",34,"disagree_moderate","grad_some","democrat","no",1,"disagree_moderate",-2,2,-2,-2,-2,1,-2,2,-1,-2,2,2,2
"613","S52","Fear","female",24,"disagree_strong","college_bachDegree","democrat","no_commited",0,"disagree_strong",-2,0,-2,-2,-2,0,-2,2,0,-2,2,-2,2
"614","S52","Fear","female",24,"disagree_strong","college_bachDegree","democrat","no_commited",0,"disagree_strong",0,2,0,-2,-2,2,-2,0,2,2,0,2,2
"615","S52","Fear","female",24,"disagree_strong","college_bachDegree","democrat","no_commited",0,"disagree_strong",-2,1,-2,-2,-2,0,2,2,0,1,2,-1,2
"616","S52","Fear","female",24,"disagree_strong","college_bachDegree","democrat","no_commited",0,"disagree_strong",2,0,-2,0,0,1,-1,2,0,-2,2,2,2
"617","S52","Fear","female",24,"disagree_strong","college_bachDegree","democrat","no_commited",0,"disagree_strong",-2,2,-2,-2,-2,0,-2,0,2,2,1,2,1
"618","S52","Fear","female",24,"disagree_strong","college_bachDegree","democrat","no_commited",0,"disagree_strong",-2,0,-2,0,-2,2,2,1,0,2,2,-1,0
"619","S52","Fear","female",24,"disagree_strong","college_bachDegree","democrat","no_commited",0,"disagree_strong",-2,0,0,-1,-2,0,2,0,0,-1,2,-1,0
"620","S52","Fear","female",24,"disagree_strong","college_bachDegree","democrat","no_commited",0,"disagree_strong",1,1,-2,-2,-2,0,1,2,1,-1,-1,-1,0
"621","S52","Fear","female",24,"disagree_strong","college_bachDegree","democrat","no_commited",0,"disagree_strong",-1,-1,-2,-2,-2,2,-1,1,1,2,0,2,2
"622","S52","Fear","female",24,"disagree_strong","college_bachDegree","democrat","no_commited",0,"disagree_strong",-2,1,-2,-2,-2,2,-2,2,2,-1,0,-2,2
"623","S52","Fear","female",24,"disagree_strong","college_bachDegree","democrat","no_commited",0,"disagree_strong",-2,2,0,-2,0,2,-2,2,2,2,0,1,2
"624","S52","Fear","female",24,"disagree_strong","college_bachDegree","democrat","no_commited",0,"disagree_strong",-2,2,-2,-2,-2,2,-2,0,2,-2,2,-1,0
"625","S53","Morality","female",52,"disagree_strong","hs_diploma","republican","yes",2,"neither",-2,2,-2,2,-2,2,0,-2,2,0,2,2,0
"626","S53","Morality","female",52,"disagree_strong","hs_diploma","republican","yes",2,"neither",-2,0,-2,2,-2,0,-2,2,-2,-2,0,0,2
"627","S53","Morality","female",52,"disagree_strong","hs_diploma","republican","yes",2,"neither",-2,-2,0,2,0,-2,0,2,-2,-2,2,-2,2
"628","S53","Morality","female",52,"disagree_strong","hs_diploma","republican","yes",2,"neither",0,2,-2,2,-2,2,0,2,-2,0,2,0,2
"629","S53","Morality","female",52,"disagree_strong","hs_diploma","republican","yes",2,"neither",-2,-2,0,0,0,2,-2,2,0,0,2,-2,2
"630","S53","Morality","female",52,"disagree_strong","hs_diploma","republican","yes",2,"neither",-2,-2,0,2,0,2,-2,2,2,0,-2,-2,2
"631","S53","Morality","female",52,"disagree_strong","hs_diploma","republican","yes",2,"neither",-2,-2,-2,2,0,2,0,0,0,0,0,0,2
"632","S53","Morality","female",52,"disagree_strong","hs_diploma","republican","yes",2,"neither",0,-2,-2,2,-2,2,-2,2,2,-2,-2,2,2
"633","S53","Morality","female",52,"disagree_strong","hs_diploma","republican","yes",2,"neither",-2,0,-2,2,-2,0,-2,2,-2,-2,2,0,2
"634","S53","Morality","female",52,"disagree_strong","hs_diploma","republican","yes",2,"neither",0,0,-2,2,-2,2,-2,2,0,-2,-2,-2,0
"635","S53","Morality","female",52,"disagree_strong","hs_diploma","republican","yes",2,"neither",-2,2,0,2,-2,2,0,2,2,0,-2,0,2
"636","S53","Morality","female",52,"disagree_strong","hs_diploma","republican","yes",2,"neither",0,0,0,2,-1,2,1,0,2,0,2,-2,-2
"637","S54","Hunger","female",24,"disagree_strong","college_assocDegree","republican","yes",3,"agree_strong",-2,2,-2,-2,0,2,2,2,2,2,2,-2,0
"638","S54","Hunger","female",24,"disagree_strong","college_assocDegree","republican","yes",3,"agree_strong",-2,0,2,-2,-2,0,0,2,0,1,0,0,2
"639","S54","Hunger","female",24,"disagree_strong","college_assocDegree","republican","yes",3,"agree_strong",-2,0,-1,-2,-2,0,2,0,0,0,0,-2,2
"640","S54","Hunger","female",24,"disagree_strong","college_assocDegree","republican","yes",3,"agree_strong",-2,0,-1,0,-2,0,0,2,2,2,0,-2,2
"641","S54","Hunger","female",24,"disagree_strong","college_assocDegree","republican","yes",3,"agree_strong",1,0,2,-2,-1,0,0,0,0,2,2,-2,2
"642","S54","Hunger","female",24,"disagree_strong","college_assocDegree","republican","yes",3,"agree_strong",-2,2,0,-2,-2,2,2,0,0,0,0,0,0
"643","S54","Hunger","female",24,"disagree_strong","college_assocDegree","republican","yes",3,"agree_strong",-2,0,0,-2,-2,0,0,0,0,0,1,-2,0
"644","S54","Hunger","female",24,"disagree_strong","college_assocDegree","republican","yes",3,"agree_strong",-2,0,0,-2,-2,0,2,0,2,0,0,-2,0
"645","S54","Hunger","female",24,"disagree_strong","college_assocDegree","republican","yes",3,"agree_strong",-2,2,0,-2,-2,0,0,0,0,0,0,-2,0
"646","S54","Hunger","female",24,"disagree_strong","college_assocDegree","republican","yes",3,"agree_strong",-2,0,2,0,-2,0,0,0,0,0,2,-2,0
"647","S54","Hunger","female",24,"disagree_strong","college_assocDegree","republican","yes",3,"agree_strong",0,2,2,0,-2,2,0,2,2,0,2,0,0
"648","S54","Hunger","female",24,"disagree_strong","college_assocDegree","republican","yes",3,"agree_strong",0,0,0,-2,0,2,0,2,0,2,0,-2,0
"649","S55","Self-Control","male",37,"disagree_moderate","hs_diploma","independent","no",0,"neither",0,-1,0,-2,-2,2,1,2,1,-2,-2,1,2
"650","S55","Self-Control","male",37,"disagree_moderate","hs_diploma","independent","no",0,"neither",-1,2,-2,-2,-2,0,-2,2,2,-2,1,-2,2
"651","S55","Self-Control","male",37,"disagree_moderate","hs_diploma","independent","no",0,"neither",-2,-2,-2,-2,-2,-2,-2,2,-2,-2,2,1,2
"652","S55","Self-Control","male",37,"disagree_moderate","hs_diploma","independent","no",0,"neither",1,-1,-1,-1,-1,2,-1,2,2,-1,1,-2,2
"653","S55","Self-Control","male",37,"disagree_moderate","hs_diploma","independent","no",0,"neither",-2,-2,1,-1,-1,2,-1,0,-2,1,2,2,2
"654","S55","Self-Control","male",37,"disagree_moderate","hs_diploma","independent","no",0,"neither",-1,1,-2,0,-2,-1,1,2,-2,-2,1,2,2
"655","S55","Self-Control","male",37,"disagree_moderate","hs_diploma","independent","no",0,"neither",-2,2,1,-2,-2,2,1,2,-2,2,1,1,2
"656","S55","Self-Control","male",37,"disagree_moderate","hs_diploma","independent","no",0,"neither",-2,2,-1,-1,-1,1,-2,2,1,1,-1,2,2
"657","S55","Self-Control","male",37,"disagree_moderate","hs_diploma","independent","no",0,"neither",-2,-2,-2,-1,0,1,-1,2,1,1,-2,2,2
"658","S55","Self-Control","male",37,"disagree_moderate","hs_diploma","independent","no",0,"neither",-1,-2,-2,-1,-1,2,-1,2,-1,-2,1,2,2
"659","S55","Self-Control","male",37,"disagree_moderate","hs_diploma","independent","no",0,"neither",1,1,-1,-2,-1,2,-2,2,1,1,1,-1,2
"660","S55","Self-Control","male",37,"disagree_moderate","hs_diploma","independent","no",0,"neither",-1,1,1,-2,-1,2,-1,-2,1,-1,2,2,2
